[{"shiftData":0,"serverId":"847","point":{"title":null,"address":null},"0":[{"count_rent":0,"idGroup":1,"idParent":0,"model":"\u0412\u0435\u043b\u043e\u0441\u0438\u043f\u0435\u0434\u044b","number":"","numberFrame":"","serverId":"1","state":4},{"count_rent":0,"idGroup":1,"idParent":0,"model":"\u0421\u043a\u0435\u0439\u0442\u0431\u043e\u0440\u0434\u044b","number":"","numberFrame":"","serverId":"2","state":4},{"count_rent":0,"idGroup":1,"idParent":0,"model":"","number":"","numberFrame":"","serverId":"3","state":4},{"count_rent":0,"idGroup":1,"idParent":0,"model":"","number":"","numberFrame":"","serverId":"4","state":4},{"count_rent":0,"idGroup":1,"idParent":0,"model":"\u0428\u0435\u0441\u0442\u0438\u0433\u0440\u0430\u043d\u043d","number":"","numberFrame":"","serverId":"5","state":4},{"count_rent":0,"idGroup":1,"idParent":0,"model":"\u0421\u041d\u041e\u0423\u0411\u041e\u0420\u0414\u042b (","number":"","numberFrame":"","serverId":"6","state":4},{"count_rent":0,"idGroup":1,"idParent":0,"model":"","number":"","numberFrame":"","serverId":"7","state":4},{"count_rent":0,"idGroup":1,"idParent":0,"model":"","number":"","numberFrame":"","serverId":"8","state":4},{"count_rent":0,"idGroup":1,"idParent":0,"model":"","number":"","numberFrame":"","serverId":"9","state":4},{"count_rent":0,"idGroup":1,"idParent":0,"model":"","number":"","numberFrame":"","serverId":"10","state":4},{"count_rent":0,"idGroup":1,"idParent":0,"model":"","number":"","numberFrame":"","serverId":"11","state":4},{"count_rent":0,"idGroup":1,"idParent":0,"model":"","number":"","numberFrame":"","serverId":"12","state":4},{"count_rent":0,"idGroup":1,"idParent":0,"model":"","number":"","numberFrame":"","serverId":"13","state":4},{"count_rent":0,"idGroup":1,"idParent":0,"model":"","number":"","numberFrame":"","serverId":"14","state":4},{"count_rent":0,"idGroup":1,"idParent":0,"model":"\u0428\u043b\u0435\u043c\u044b","number":"","numberFrame":"","serverId":"15","state":4},{"count_rent":0,"idGroup":1,"idParent":0,"model":"","number":"","numberFrame":"","serverId":"16","state":4},{"count_rent":0,"idGroup":1,"idParent":0,"model":"","number":"","numberFrame":"","serverId":"17","state":4},{"count_rent":0,"idGroup":1,"idParent":0,"model":"","number":"","numberFrame":"","serverId":"18","state":4},{"count_rent":0,"idGroup":1,"idParent":0,"model":"","number":"","numberFrame":"","serverId":"19","state":4},{"count_rent":0,"idGroup":1,"idParent":0,"model":"\u041e\u0442\u0441\u0443\u0442\u0441\u0442\u0432\u0443\u044e","number":"","numberFrame":"","serverId":"20","state":4},{"count_rent":0,"idGroup":1,"idParent":0,"model":"\u043e\u0442\u0441\u0443\u0442\u0441\u0442\u0432\u0443\u044e","number":"","numberFrame":"","serverId":"21","state":4},{"count_rent":0,"idGroup":1,"idParent":0,"model":"7","number":"","numberFrame":"","serverId":"30","state":4,"tarif":{"name":"Gopro 3+","sumDay":300,"sumHour":100,"sumTsHour":500}},{"count_rent":0,"idGroup":1,"idParent":0,"model":"9","number":"","numberFrame":"","serverId":"31","state":4,"tarif":{"name":"","sumDay":600,"sumHour":150,"sumTsHour":800}},{"count_rent":0,"idGroup":1,"idParent":0,"model":"10","number":"","numberFrame":"","serverId":"32","state":4,"tarif":{"name":"","sumDay":350,"sumHour":50,"sumTsHour":500}},{"count_rent":0,"idGroup":1,"idParent":0,"model":"10","number":"","numberFrame":"","serverId":"33","state":4,"tarif":{"name":"","sumDay":350,"sumHour":50,"sumTsHour":500}},{"count_rent":0,"idGroup":1,"idParent":0,"model":"12","number":"","numberFrame":"","serverId":"34","state":4,"tarif":{"name":"","sumDay":300,"sumHour":50,"sumTsHour":500}},{"count_rent":0,"idGroup":1,"idParent":0,"model":"14","number":"","numberFrame":"","serverId":"35","state":4,"tarif":{"name":"","sumDay":300,"sumHour":100,"sumTsHour":600}},{"count_rent":0,"idGroup":1,"idParent":0,"model":"17","number":"","numberFrame":"","serverId":"36","state":4,"tarif":{"name":"","sumDay":300,"sumHour":100,"sumTsHour":500}},{"count_rent":0,"idGroup":1,"idParent":0,"model":"18","number":"","numberFrame":"","serverId":"37","state":4,"tarif":{"name":"","sumDay":1000,"sumHour":300,"sumTsHour":1500}},{"count_rent":0,"idGroup":1,"idParent":0,"model":"20","number":"","numberFrame":"","serverId":"38","state":4,"tarif":{"name":"","sumDay":300,"sumHour":100,"sumTsHour":500}},{"count_rent":0,"idGroup":1,"idParent":0,"model":"2","number":"","numberFrame":"","serverId":"66","state":4,"tarif":{"name":"","sumDay":700,"sumHour":250,"sumTsHour":1000}},{"count_rent":321,"idGroup":1,"idParent":1,"model":"Schwinn Corvette ","number":"1","numberFrame":"snmng11m87416","serverId":"119","state":3,"tarif":{"name":"","sumDay":350,"sumHour":100,"sumTsHour":600}},{"count_rent":190,"idGroup":1,"idParent":1,"model":"Schwinn Corvette ","number":"2","numberFrame":"snmng11m87447","serverId":"120","state":2,"tarif":{"name":"","sumDay":350,"sumHour":50,"sumTsHour":500}},{"count_rent":45,"idGroup":1,"idParent":1,"model":"Schwinn Tango Tandem","number":"9","numberFrame":"cm13a503287","serverId":"121","state":1,"tarif":{"name":"","sumDay":300,"sumHour":50,"sumTsHour":500}},{"count_rent":223,"idGroup":1,"idParent":1,"model":"Schwinn Cruiser One","number":"3","numberFrame":"ibdfsd12k5520","serverId":"122","state":3,"tarif":{"name":"","sumDay":350,"sumHour":50,"sumTsHour":500}},{"count_rent":138,"idGroup":1,"idParent":1,"model":"Schwinn Cruiser One","number":"4","numberFrame":"ibdfsd12k5552","serverId":"123","state":2,"tarif":{"name":"","sumDay":350,"sumHour":50,"sumTsHour":500}},{"count_rent":171,"idGroup":1,"idParent":1,"model":"Schwinn Cruiser One ","number":"5","numberFrame":"ibdfsd12k5957","serverId":"124","state":4,"tarif":{"name":"","sumDay":300,"sumHour":50,"sumTsHour":500}},{"count_rent":415,"idGroup":1,"idParent":1,"model":"Schwinn Cruiser One ","number":"8","numberFrame":"ibdfsd12k5824","serverId":"125","state":4,"tarif":{"name":"","sumDay":350,"sumHour":50,"sumTsHour":500}},{"count_rent":274,"idGroup":1,"idParent":1,"model":"Schwinn Cruiser One ","number":"6","numberFrame":"ibdfsd12k3416","serverId":"126","state":4,"tarif":{"name":"","sumDay":600,"sumHour":150,"sumTsHour":800}},{"count_rent":273,"idGroup":1,"idParent":1,"model":"Schwinn Cruiser One ","number":"7","numberFrame":"ibdfsd12k3406","serverId":"127","state":4,"tarif":{"name":"","sumDay":300,"sumHour":100,"sumTsHour":500}},{"count_rent":193,"idGroup":1,"idParent":1,"model":"Giant Single Simple","number":"10","numberFrame":"c12l3778","serverId":"128","state":4,"tarif":{"name":"","sumDay":600,"sumHour":150,"sumTsHour":800}},{"count_rent":159,"idGroup":1,"idParent":1,"model":"Giant Single Simple","number":"11","numberFrame":"c22d0898","serverId":"129","state":4,"tarif":{"name":"","sumDay":800,"sumHour":300,"sumTsHour":1200}},{"count_rent":8,"idGroup":1,"idParent":1,"model":"Giant Single Simple","number":"12","numberFrame":"c12l3766","serverId":"130","state":4,"tarif":{"name":"","sumDay":100,"sumHour":100,"sumTsHour":120}},{"count_rent":25,"idGroup":1,"idParent":1,"model":"Sibvelz","number":"13","numberFrame":"tj0920251","serverId":"131","state":4,"tarif":{"name":"","sumDay":600,"sumHour":150,"sumTsHour":800}},{"count_rent":160,"idGroup":1,"idParent":1,"model":"Sibvelz","number":"14","numberFrame":"tj0920208","serverId":"132","state":4,"tarif":{"name":"","sumDay":800,"sumHour":300,"sumTsHour":1200}},{"count_rent":72,"idGroup":1,"idParent":1,"model":"Sibvelz","number":"15","numberFrame":"tj0920341","serverId":"133","state":4,"tarif":{"name":"","sumDay":300,"sumHour":100,"sumTsHour":500}},{"count_rent":95,"idGroup":1,"idParent":1,"model":"Sibvelz","number":"16","numberFrame":"tj0920066","serverId":"134","state":4,"tarif":{"name":"","sumDay":500,"sumHour":100,"sumTsHour":700}},{"count_rent":59,"idGroup":1,"idParent":1,"model":"Sibvelz","number":"17","numberFrame":"pl1105035398","serverId":"135","state":4,"tarif":{"name":"","sumDay":350,"sumHour":50,"sumTsHour":500}},{"count_rent":95,"idGroup":1,"idParent":1,"model":"Sibvelz","number":"18","numberFrame":"tj0920247","serverId":"136","state":4,"tarif":{"name":"","sumDay":300,"sumHour":100,"sumTsHour":600}},{"count_rent":62,"idGroup":1,"idParent":1,"model":"Sibvelz","number":"19","numberFrame":"pl1105035297","serverId":"137","state":4,"tarif":{"name":"","sumDay":600,"sumHour":150,"sumTsHour":800}},{"count_rent":28,"idGroup":1,"idParent":1,"model":"Sibvelz","number":"21","numberFrame":"pl1105035477","serverId":"138","state":4,"tarif":{"name":"","sumDay":500,"sumHour":100,"sumTsHour":700}},{"count_rent":8,"idGroup":1,"idParent":1,"model":"Sibvelz","number":"22","numberFrame":"pl1105035582","serverId":"139","state":4,"tarif":{"name":"","sumDay":300,"sumHour":100,"sumTsHour":600}},{"count_rent":212,"idGroup":1,"idParent":1,"model":"Sibvelz Woman","number":"25","numberFrame":"tj0909409","serverId":"140","state":4,"tarif":{"name":"","sumDay":300,"sumHour":100,"sumTsHour":500}},{"count_rent":93,"idGroup":1,"idParent":1,"model":"Sibvelz Woman","number":"24","numberFrame":"tj0909364","serverId":"141","state":4,"tarif":{"name":"","sumDay":500,"sumHour":100,"sumTsHour":700}},{"count_rent":293,"idGroup":1,"idParent":1,"model":"Sibvelz Woman","number":"26","numberFrame":"tj0908365","serverId":"142","state":4,"tarif":{"name":"","sumDay":350,"sumHour":50,"sumTsHour":500}},{"count_rent":203,"idGroup":1,"idParent":1,"model":"Sibvelz Woman","number":"23","numberFrame":"tj0907891","serverId":"143","state":4,"tarif":{"name":"","sumDay":300,"sumHour":100,"sumTsHour":600}},{"count_rent":83,"idGroup":1,"idParent":1,"model":"Trek Drift Surf","number":"27","numberFrame":"007c0085d","serverId":"144","state":4,"tarif":{"name":"","sumDay":100,"sumHour":100,"sumTsHour":120}},{"count_rent":324,"idGroup":1,"idParent":1,"model":"KHS Alite 150","number":"30","numberFrame":"v12d05295","serverId":"145","state":4,"tarif":{"name":"","sumDay":300,"sumHour":50,"sumTsHour":500}},{"count_rent":233,"idGroup":1,"idParent":1,"model":"KHS Alite 150","number":"31","numberFrame":"v12d03514","serverId":"146","state":4,"tarif":{"name":"","sumDay":300,"sumHour":100,"sumTsHour":500}},{"count_rent":785,"idGroup":1,"idParent":1,"model":"Bergamont vitox 6.3","number":"32","numberFrame":"bgm120919856","serverId":"147","state":4,"tarif":{"name":"","sumDay":300,"sumHour":100,"sumTsHour":500}},{"count_rent":829,"idGroup":1,"idParent":1,"model":"Bergamont vitox 6.3","number":"33","numberFrame":"bgm120919859","serverId":"148","state":4,"tarif":{"name":"","sumDay":300,"sumHour":100,"sumTsHour":500}},{"count_rent":766,"idGroup":1,"idParent":1,"model":"Bergamont vitox 5.3","number":"34","numberFrame":"aa21024362","serverId":"149","state":4,"tarif":{"name":"","sumDay":1000,"sumHour":300,"sumTsHour":1500}},{"count_rent":374,"idGroup":1,"idParent":1,"model":"Bergamont vitox 5.3","number":"35","numberFrame":"aa21024416","serverId":"150","state":4,"tarif":{"name":"","sumDay":1000,"sumHour":300,"sumTsHour":1500}},{"count_rent":753,"idGroup":1,"idParent":1,"model":"Bergamont vitox 5.3","number":"36","numberFrame":"aa21024403","serverId":"151","state":4,"tarif":{"name":"","sumDay":500,"sumHour":100,"sumTsHour":700}},{"count_rent":708,"idGroup":1,"idParent":1,"model":"Bergamont vitox 5.3","number":"37","numberFrame":"aa26024887","serverId":"152","state":4,"tarif":{"name":"","sumDay":350,"sumHour":50,"sumTsHour":500}},{"count_rent":765,"idGroup":1,"idParent":1,"model":"Bergamont vitox 5.3","number":"38","numberFrame":"aa21024350","serverId":"153","state":4,"tarif":{"name":"","sumDay":300,"sumHour":100,"sumTsHour":500}},{"count_rent":450,"idGroup":1,"idParent":1,"model":"Bergamont vitox 5.3","number":"39","numberFrame":"aa21024324","serverId":"154","state":4,"tarif":{"name":"","sumDay":350,"sumHour":50,"sumTsHour":500}},{"count_rent":201,"idGroup":1,"idParent":1,"model":"stels pilot 720","number":"42","numberFrame":"xd71216885","serverId":"155","state":4,"tarif":{"name":"","sumDay":600,"sumHour":150,"sumTsHour":800}},{"count_rent":251,"idGroup":1,"idParent":1,"model":"stels navigator 500","number":"45","numberFrame":"xl 11603224","serverId":"156","state":4,"tarif":{"name":"Gopro 3+","sumDay":300,"sumHour":100,"sumTsHour":500}},{"count_rent":309,"idGroup":1,"idParent":1,"model":"stels navigator 500","number":"46","numberFrame":"xl 10052844","serverId":"157","state":4,"tarif":{"name":"","sumDay":300,"sumHour":100,"sumTsHour":500}},{"count_rent":276,"idGroup":1,"idParent":1,"model":"stels navigator 500","number":"47","numberFrame":"xl11c032877","serverId":"158","state":4,"tarif":{"name":"","sumDay":300,"sumHour":100,"sumTsHour":500}},{"count_rent":91,"idGroup":1,"idParent":1,"model":"stels navigator 500","number":"49","numberFrame":"xl 1o035312","serverId":"159","state":4,"tarif":{"name":"","sumDay":500,"sumHour":100,"sumTsHour":700}},{"count_rent":251,"idGroup":1,"idParent":1,"model":"stels navigator 500","number":"50","numberFrame":"WOLP53865","serverId":"160","state":4,"tarif":{"name":"","sumDay":300,"sumHour":100,"sumTsHour":600}},{"count_rent":210,"idGroup":1,"idParent":1,"model":"stels navigator 440","number":"52","numberFrame":"xl 12j017100","serverId":"161","state":4,"tarif":{"name":"","sumDay":300,"sumHour":100,"sumTsHour":500}},{"count_rent":58,"idGroup":1,"idParent":1,"model":"stels navigator 310","number":"53","numberFrame":"w120711015","serverId":"162","state":4,"tarif":{"name":"","sumDay":1000,"sumHour":300,"sumTsHour":1500}},{"count_rent":35,"idGroup":1,"idParent":1,"model":"stels navigator 310","number":"54","numberFrame":"kl 11l006439","serverId":"163","state":4,"tarif":{"name":"","sumDay":350,"sumHour":50,"sumTsHour":500}},{"count_rent":628,"idGroup":1,"idParent":1,"model":"giant boulder 3","number":"55","numberFrame":"c11O2193","serverId":"164","state":4,"tarif":{"name":"","sumDay":350,"sumHour":50,"sumTsHour":500}},{"count_rent":481,"idGroup":1,"idParent":1,"model":"giant boulder 3","number":"56","numberFrame":"c11j0107","serverId":"165","state":4,"tarif":{"name":"","sumDay":800,"sumHour":300,"sumTsHour":1200}},{"count_rent":435,"idGroup":1,"idParent":1,"model":"giant snap","number":"57","numberFrame":"c12a6763","serverId":"166","state":4,"tarif":{"name":"","sumDay":350,"sumHour":50,"sumTsHour":500}},{"count_rent":269,"idGroup":1,"idParent":1,"model":"giant snap","number":"58","numberFrame":"c32l1110","serverId":"167","state":4,"tarif":{"name":"","sumDay":600,"sumHour":150,"sumTsHour":800}},{"count_rent":171,"idGroup":1,"idParent":1,"model":"nordway cascade","number":"59","numberFrame":"8841206720","serverId":"168","state":4,"tarif":{"name":"","sumDay":350,"sumHour":50,"sumTsHour":500}},{"count_rent":224,"idGroup":1,"idParent":1,"model":"nordway gt70","number":"60","numberFrame":"yhy2021793","serverId":"169","state":4,"tarif":{"name":"","sumDay":300,"sumHour":100,"sumTsHour":500}},{"count_rent":483,"idGroup":1,"idParent":1,"model":"nordway active","number":"61","numberFrame":"at81122332","serverId":"170","state":4,"tarif":{"name":"","sumDay":300,"sumHour":100,"sumTsHour":500}},{"count_rent":240,"idGroup":1,"idParent":1,"model":"nordway trail","number":"63","numberFrame":"k70830112","serverId":"171","state":4,"tarif":{"name":"","sumDay":300,"sumHour":50,"sumTsHour":500}},{"count_rent":109,"idGroup":1,"idParent":1,"model":"stern dynamik 1.0","number":"64","numberFrame":"v897253","serverId":"172","state":4,"tarif":{"name":"","sumDay":150,"sumHour":50,"sumTsHour":350}},{"count_rent":117,"idGroup":1,"idParent":1,"model":"stern dynamik 2.0","number":"65","numberFrame":"v391580","serverId":"173","state":4,"tarif":{"name":"","sumDay":350,"sumHour":50,"sumTsHour":500}},{"count_rent":582,"idGroup":1,"idParent":1,"model":"element active","number":"67","numberFrame":"v688021","serverId":"174","state":4,"tarif":{"name":"","sumDay":300,"sumHour":100,"sumTsHour":500}},{"count_rent":93,"idGroup":1,"idParent":1,"model":"kross trans siberian","number":"68","numberFrame":"ly2c031154","serverId":"175","state":4,"tarif":{"name":"","sumDay":350,"sumHour":50,"sumTsHour":500}},{"count_rent":349,"idGroup":1,"idParent":1,"model":"specialized","number":"71","numberFrame":"p8jhb0053","serverId":"176","state":4,"tarif":{"name":"","sumDay":600,"sumHour":150,"sumTsHour":800}},{"count_rent":648,"idGroup":1,"idParent":1,"model":"rockrider 5.2","number":"72","numberFrame":"bi-1623","serverId":"177","state":4,"tarif":{"name":"","sumDay":350,"sumHour":50,"sumTsHour":500}},{"count_rent":500,"idGroup":1,"idParent":1,"model":"haro flightline","number":"73","numberFrame":"k9kb002484","serverId":"178","state":4,"tarif":{"name":"","sumDay":300,"sumHour":100,"sumTsHour":600}},{"count_rent":163,"idGroup":1,"idParent":1,"model":"gt agressor","number":"75","numberFrame":"mngs007100513","serverId":"179","state":4,"tarif":{"name":"","sumDay":300,"sumHour":100,"sumTsHour":600}},{"count_rent":23,"idGroup":1,"idParent":1,"model":"stark","number":"76","numberFrame":"saipk01662","serverId":"180","state":4,"tarif":{"name":"","sumDay":300,"sumHour":100,"sumTsHour":500}},{"count_rent":302,"idGroup":1,"idParent":1,"model":"nordway cascade","number":"79","numberFrame":"SF31263800","serverId":"181","state":4,"tarif":{"name":"","sumDay":600,"sumHour":150,"sumTsHour":800}},{"count_rent":542,"idGroup":1,"idParent":1,"model":"Skystyle Woman","number":"81","numberFrame":"u5048030","serverId":"182","state":4,"tarif":{"name":"","sumDay":300,"sumHour":50,"sumTsHour":500}},{"count_rent":0,"idGroup":1,"idParent":1,"model":"Murray","number":"82","numberFrame":"1102109","serverId":"183","state":4,"tarif":{"name":"","sumDay":350,"sumHour":100,"sumTsHour":600}},{"count_rent":15,"idGroup":1,"idParent":1,"model":"Scope","number":"83","numberFrame":"yla13130a","serverId":"184","state":4,"tarif":{"name":"","sumDay":350,"sumHour":100,"sumTsHour":600}},{"count_rent":117,"idGroup":1,"idParent":1,"model":"Haro BMX","number":"84","numberFrame":" POW8J0886","serverId":"185","state":4,"tarif":{"name":"","sumDay":350,"sumHour":50,"sumTsHour":500}},{"count_rent":420,"idGroup":1,"idParent":1,"model":"Trek 3700","number":"87","numberFrame":"TBI-0406 CB3D0395","serverId":"186","state":4,"tarif":{"name":"","sumDay":300,"sumHour":50,"sumTsHour":500}},{"count_rent":439,"idGroup":1,"idParent":1,"model":"Stern Motion 3.0","number":"89","numberFrame":"AT111107415","serverId":"187","state":4,"tarif":{"name":"","sumDay":350,"sumHour":100,"sumTsHour":600}},{"count_rent":114,"idGroup":1,"idParent":1,"model":"TopGear Sigma 225","number":"90","numberFrame":"U5048030","serverId":"188","state":4,"tarif":{"name":"","sumDay":300,"sumHour":100,"sumTsHour":500}},{"count_rent":255,"idGroup":1,"idParent":1,"model":"stels navigator 500","number":"91","numberFrame":"S08A027084","serverId":"189","state":4,"tarif":{"name":"","sumDay":350,"sumHour":120,"sumTsHour":600}},{"count_rent":62,"idGroup":1,"idParent":1,"model":"stels navigator 610","number":"92","numberFrame":"XL13L058083","serverId":"190","state":4,"tarif":{"name":"","sumDay":300,"sumHour":100,"sumTsHour":500}},{"count_rent":412,"idGroup":1,"idParent":1,"model":"stels navigator 610","number":"93","numberFrame":"xL13L050260","serverId":"191","state":4,"tarif":{"name":"","sumDay":300,"sumHour":50,"sumTsHour":500}},{"count_rent":419,"idGroup":1,"idParent":1,"model":"stels navigator 610","number":"96","numberFrame":"XL13L067047","serverId":"192","state":4,"tarif":{"name":"","sumDay":800,"sumHour":300,"sumTsHour":1200}},{"count_rent":433,"idGroup":1,"idParent":1,"model":"stels navigator 610","number":"97","numberFrame":"XL13L056515","serverId":"193","state":4,"tarif":{"name":"","sumDay":600,"sumHour":150,"sumTsHour":800}},{"count_rent":509,"idGroup":1,"idParent":1,"model":"stels navigator 610","number":"98","numberFrame":"XL13L051604","serverId":"194","state":4,"tarif":{"name":"","sumDay":600,"sumHour":150,"sumTsHour":800}},{"count_rent":212,"idGroup":1,"idParent":1,"model":"stels navigator 610","number":"99","numberFrame":"XL13L051928","serverId":"195","state":2,"tarif":{"name":"","sumDay":300,"sumHour":100,"sumTsHour":500}},{"count_rent":662,"idGroup":1,"idParent":1,"model":"nordway uptown red","number":"103","numberFrame":"K60738237","serverId":"196","state":3,"tarif":{"name":"","sumDay":350,"sumHour":50,"sumTsHour":500}},{"count_rent":21,"idGroup":1,"idParent":1,"model":"","number":"105","numberFrame":"","serverId":"197","state":4,"tarif":{"name":"","sumDay":300,"sumHour":100,"sumTsHour":500}},{"count_rent":3,"idGroup":1,"idParent":1,"model":"Schwinn Roadster tri","number":"108","numberFrame":"JNJ13H22541","serverId":"198","state":4,"tarif":{"name":"","sumDay":300,"sumHour":100,"sumTsHour":500}},{"count_rent":0,"idGroup":1,"idParent":1,"model":"Schwinn Voyageur 2","number":"110","numberFrame":"CM13 G560 761","serverId":"199","state":4,"tarif":{"name":"","sumDay":300,"sumHour":100,"sumTsHour":500}},{"count_rent":0,"idGroup":1,"idParent":1,"model":"Schwinn Voyageur 2","number":"111","numberFrame":"CM13 M547 265","serverId":"200","state":4,"tarif":{"name":"","sumDay":500,"sumHour":100,"sumTsHour":700}},{"count_rent":0,"idGroup":1,"idParent":1,"model":"Schwinn Voyageur 2","number":"112","numberFrame":"CM13 M547 266","serverId":"201","state":4,"tarif":{"name":"","sumDay":300,"sumHour":100,"sumTsHour":500}},{"count_rent":0,"idGroup":1,"idParent":1,"model":"Schwinn Voyageur 2","number":"113","numberFrame":"CM13 M547 250.","serverId":"202","state":4,"tarif":{"name":"","sumDay":350,"sumHour":100,"sumTsHour":600}},{"count_rent":0,"idGroup":1,"idParent":1,"model":"Schwinn Voyageur 2","number":"114","numberFrame":"CM13 M547 255","serverId":"203","state":4,"tarif":{"name":"","sumDay":300,"sumHour":100,"sumTsHour":500}},{"count_rent":0,"idGroup":1,"idParent":1,"model":"Schwinn Voyageur 2","number":"115","numberFrame":"CM13 G532 844","serverId":"204","state":4,"tarif":{"name":"","sumDay":100,"sumHour":100,"sumTsHour":120}},{"count_rent":0,"idGroup":1,"idParent":1,"model":"Schwinn Voyageur 2","number":"116","numberFrame":"CM13 G532 788","serverId":"205","state":4,"tarif":{"name":"","sumDay":350,"sumHour":50,"sumTsHour":500}},{"count_rent":0,"idGroup":1,"idParent":1,"model":"Schwinn Voyageur 2","number":"117","numberFrame":"CM13 M547 257","serverId":"206","state":4,"tarif":{"name":"Gopro 3+","sumDay":300,"sumHour":100,"sumTsHour":500}},{"count_rent":0,"idGroup":1,"idParent":1,"model":"Schwinn Voyageur 2","number":"118","numberFrame":"CM13 G532 815","serverId":"207","state":4,"tarif":{"name":"","sumDay":300,"sumHour":100,"sumTsHour":500}},{"count_rent":0,"idGroup":1,"idParent":1,"model":"Schwinn Voyageur 2","number":"119","numberFrame":"CM13 M547 261","serverId":"208","state":4,"tarif":{"name":"","sumDay":300,"sumHour":100,"sumTsHour":600}},{"count_rent":66,"idGroup":1,"idParent":1,"model":"Schwinn Tango Tandem","number":"120","numberFrame":"CM13L547412","serverId":"209","state":4,"tarif":{"name":"","sumDay":300,"sumHour":100,"sumTsHour":600}},{"count_rent":114,"idGroup":1,"idParent":1,"model":"Schwinn Tango Tandem","number":"121","numberFrame":"CM13L547391","serverId":"210","state":4,"tarif":{"name":"","sumDay":300,"sumHour":100,"sumTsHour":600}},{"count_rent":65,"idGroup":1,"idParent":1,"model":"Stels  N\u0410VIGATOR ","number":"122","numberFrame":"Z014763813","serverId":"211","state":4,"tarif":{"name":"","sumDay":1000,"sumHour":300,"sumTsHour":1500}},{"count_rent":33,"idGroup":1,"idParent":1,"model":"Stels  N\u0410VIGATOR ","number":"123","numberFrame":"ZO12724413","serverId":"212","state":4,"tarif":{"name":"","sumDay":500,"sumHour":100,"sumTsHour":700}},{"count_rent":34,"idGroup":1,"idParent":1,"model":"Stels  N\u0410VIGATOR ","number":"124","numberFrame":"XL13JO38142","serverId":"213","state":4,"tarif":{"name":"","sumDay":100,"sumHour":100,"sumTsHour":120}},{"count_rent":56,"idGroup":1,"idParent":1,"model":"Stels  N\u0410VIGATOR ","number":"125","numberFrame":"XL13JO38000","serverId":"214","state":4,"tarif":{"name":"","sumDay":300,"sumHour":100,"sumTsHour":500}},{"count_rent":49,"idGroup":1,"idParent":1,"model":"Stels  N\u0410VIGATOR ","number":"126","numberFrame":"Z014649613","serverId":"215","state":4,"tarif":{"name":"","sumDay":100,"sumHour":100,"sumTsHour":120}},{"count_rent":56,"idGroup":1,"idParent":1,"model":"Stels  N\u0410VIGATOR ","number":"127","numberFrame":"z0263723","serverId":"216","state":4,"tarif":{"name":"","sumDay":1000,"sumHour":300,"sumTsHour":1500}},{"count_rent":38,"idGroup":1,"idParent":1,"model":"\u0440\u0438\u043a\u0448\u0430","number":"129","numberFrame":"w120739067","serverId":"217","state":4,"tarif":{"name":"Gopro 3+","sumDay":300,"sumHour":100,"sumTsHour":500}},{"count_rent":156,"idGroup":1,"idParent":1,"model":"Pigeon special ","number":"130","numberFrame":"FC100327","serverId":"218","state":4,"tarif":{"name":"","sumDay":300,"sumHour":100,"sumTsHour":500}},{"count_rent":16,"idGroup":1,"idParent":1,"model":"\u0420\u0438\u043a\u0448\u0430","number":"131","numberFrame":"","serverId":"219","state":4,"tarif":{"name":"","sumDay":1000,"sumHour":300,"sumTsHour":1500}},{"count_rent":46,"idGroup":1,"idParent":1,"model":"trek alpaha","number":"132","numberFrame":"336C0129D\/TDI-2193","serverId":"220","state":4,"tarif":{"name":"","sumDay":300,"sumHour":100,"sumTsHour":600}},{"count_rent":208,"idGroup":1,"idParent":1,"model":"Trek alpha 3900","number":"134","numberFrame":"WTU 022C0015A","serverId":"221","state":4,"tarif":{"name":"","sumDay":350,"sumHour":50,"sumTsHour":500}},{"count_rent":514,"idGroup":1,"idParent":1,"model":"stels navigator 610","number":"135","numberFrame":"XL13J066336","serverId":"222","state":4,"tarif":{"name":"","sumDay":600,"sumHour":150,"sumTsHour":800}},{"count_rent":427,"idGroup":1,"idParent":1,"model":"stels navigator 610","number":"136","numberFrame":"XL13KO36654","serverId":"223","state":4,"tarif":{"name":"","sumDay":300,"sumHour":50,"sumTsHour":500}},{"count_rent":488,"idGroup":1,"idParent":1,"model":"stels navigator 610","number":"137","numberFrame":"XL13ko36945","serverId":"224","state":4,"tarif":{"name":"","sumDay":300,"sumHour":100,"sumTsHour":500}},{"count_rent":493,"idGroup":1,"idParent":1,"model":"stels navigator 610","number":"138","numberFrame":"XL13KO36945","serverId":"225","state":4,"tarif":{"name":"","sumDay":350,"sumHour":50,"sumTsHour":500}},{"count_rent":251,"idGroup":1,"idParent":1,"model":"stels miss 6000","number":"145","numberFrame":"XL13KO8788","serverId":"226","state":4,"tarif":{"name":"","sumDay":350,"sumHour":50,"sumTsHour":500}},{"count_rent":560,"idGroup":1,"idParent":1,"model":"stels miss 6000","number":"146","numberFrame":"XL13KO8691","serverId":"227","state":4,"tarif":{"name":"","sumDay":300,"sumHour":100,"sumTsHour":500}},{"count_rent":494,"idGroup":1,"idParent":1,"model":"stels miss 6000","number":"147","numberFrame":"XL13KO8823","serverId":"228","state":4,"tarif":{"name":"","sumDay":300,"sumHour":100,"sumTsHour":600}},{"count_rent":503,"idGroup":1,"idParent":1,"model":"stels miss 6000","number":"148","numberFrame":"XL13KO8847","serverId":"229","state":4,"tarif":{"name":"","sumDay":300,"sumHour":100,"sumTsHour":500}},{"count_rent":333,"idGroup":1,"idParent":1,"model":"Stern 1. 0","number":"149","numberFrame":"VM613210","serverId":"230","state":4,"tarif":{"name":"","sumDay":100,"sumHour":100,"sumTsHour":120}},{"count_rent":6,"idGroup":1,"idParent":1,"model":"Trek Mystic \u0433\u043e\u043b\u0443","number":"150","numberFrame":"WTU284P0386C","serverId":"231","state":4,"tarif":{"name":"","sumDay":300,"sumHour":50,"sumTsHour":500}},{"count_rent":0,"idGroup":1,"idParent":1,"model":"","number":"151","numberFrame":"","serverId":"232","state":4,"tarif":{"name":"","sumDay":300,"sumHour":100,"sumTsHour":500}},{"count_rent":17,"idGroup":1,"idParent":1,"model":"","number":"152","numberFrame":"","serverId":"233","state":4,"tarif":{"name":"","sumDay":300,"sumHour":100,"sumTsHour":500}},{"count_rent":45,"idGroup":1,"idParent":1,"model":"Look","number":"153","numberFrame":"55k113504","serverId":"234","state":4,"tarif":{"name":"","sumDay":150,"sumHour":50,"sumTsHour":350}},{"count_rent":421,"idGroup":1,"idParent":1,"model":"stern dynamic ","number":"154","numberFrame":"v412632","serverId":"235","state":4,"tarif":{"name":"","sumDay":350,"sumHour":50,"sumTsHour":500}},{"count_rent":723,"idGroup":1,"idParent":1,"model":" bulls wildcross aa3","number":"157","numberFrame":"OO160601","serverId":"236","state":4,"tarif":{"name":"","sumDay":300,"sumHour":50,"sumTsHour":500}},{"count_rent":22,"idGroup":1,"idParent":1,"model":"del sol ","number":"160","numberFrame":"XDS1420798","serverId":"237","state":4,"tarif":{"name":"","sumDay":150,"sumHour":50,"sumTsHour":350}},{"count_rent":11,"idGroup":1,"idParent":1,"model":"del sol ","number":"161","numberFrame":"XDS1420813","serverId":"238","state":4,"tarif":{"name":"","sumDay":300,"sumHour":100,"sumTsHour":500}},{"count_rent":25,"idGroup":1,"idParent":1,"model":"del sol ","number":"159","numberFrame":"XDS1420841","serverId":"239","state":4,"tarif":{"name":"","sumDay":300,"sumHour":100,"sumTsHour":500}},{"count_rent":89,"idGroup":1,"idParent":1,"model":"Electra bicyclecd","number":"162","numberFrame":"EAC 2400500","serverId":"240","state":4,"tarif":{"name":"","sumDay":350,"sumHour":50,"sumTsHour":500}},{"count_rent":44,"idGroup":1,"idParent":1,"model":"Electra","number":"163","numberFrame":"LW2D06913","serverId":"241","state":4,"tarif":{"name":"","sumDay":700,"sumHour":250,"sumTsHour":1000}},{"count_rent":12,"idGroup":1,"idParent":1,"model":"Stels Navigator 410","number":"165","numberFrame":"xd6100975","serverId":"242","state":4,"tarif":{"name":"","sumDay":100,"sumHour":100,"sumTsHour":120}},{"count_rent":16,"idGroup":1,"idParent":1,"model":"Stels Navigator 340","number":"166","numberFrame":"XL13J039040","serverId":"243","state":4,"tarif":{"name":"","sumDay":300,"sumHour":100,"sumTsHour":500}},{"count_rent":11,"idGroup":1,"idParent":1,"model":"Stels Navigator 340","number":"167","numberFrame":"XL13J039250","serverId":"244","state":4,"tarif":{"name":"","sumDay":1000,"sumHour":300,"sumTsHour":1500}},{"count_rent":17,"idGroup":1,"idParent":1,"model":"Stels Navigator 340","number":"168","numberFrame":"XL13I029773","serverId":"245","state":4,"tarif":{"name":"","sumDay":300,"sumHour":100,"sumTsHour":600}},{"count_rent":38,"idGroup":1,"idParent":1,"model":"Stels Navigator 340","number":"169","numberFrame":"XL13J038870","serverId":"246","state":4,"tarif":{"name":"","sumDay":350,"sumHour":50,"sumTsHour":500}},{"count_rent":41,"idGroup":1,"idParent":1,"model":"Stels Navigator 340","number":"170","numberFrame":"XL13J038458","serverId":"247","state":4,"tarif":{"name":"","sumDay":300,"sumHour":100,"sumTsHour":500}},{"count_rent":44,"idGroup":1,"idParent":1,"model":"Stels Navigator 340","number":"171","numberFrame":"XL13J040064","serverId":"248","state":4,"tarif":{"name":"","sumDay":100,"sumHour":100,"sumTsHour":120}},{"count_rent":101,"idGroup":1,"idParent":1,"model":"Stels Navigator 340","number":"172","numberFrame":"XL13J038827","serverId":"249","state":4,"tarif":{"name":"Gopro 3+","sumDay":300,"sumHour":100,"sumTsHour":500}},{"count_rent":29,"idGroup":1,"idParent":1,"model":"Stels Navigator 340","number":"173","numberFrame":"XL13J038930","serverId":"250","state":4,"tarif":{"name":"","sumDay":350,"sumHour":100,"sumTsHour":600}},{"count_rent":17,"idGroup":1,"idParent":1,"model":"Stels Navigator 340","number":"174","numberFrame":"XL13J038030","serverId":"251","state":4,"tarif":{"name":"","sumDay":150,"sumHour":50,"sumTsHour":350}},{"count_rent":32,"idGroup":1,"idParent":1,"model":"Stels Navigator 340","number":"175","numberFrame":"XL13J039218","serverId":"252","state":4,"tarif":{"name":"","sumDay":350,"sumHour":50,"sumTsHour":500}},{"count_rent":41,"idGroup":1,"idParent":1,"model":"Stels Navigator 130","number":"176","numberFrame":"S13G000452","serverId":"253","state":4,"tarif":{"name":"","sumDay":300,"sumHour":50,"sumTsHour":500}},{"count_rent":88,"idGroup":1,"idParent":1,"model":"Stels Navigator 130","number":"177","numberFrame":"S13G000470","serverId":"254","state":4,"tarif":{"name":"","sumDay":350,"sumHour":50,"sumTsHour":500}},{"count_rent":161,"idGroup":1,"idParent":1,"model":"Stels Navigator 290","number":"178","numberFrame":"S14A031753","serverId":"255","state":4,"tarif":{"name":"","sumDay":500,"sumHour":100,"sumTsHour":700}},{"count_rent":141,"idGroup":1,"idParent":1,"model":"Stels Navigator 290","number":"179","numberFrame":"S14A031664","serverId":"256","state":4,"tarif":{"name":"","sumDay":1000,"sumHour":300,"sumTsHour":1500}},{"count_rent":20,"idGroup":1,"idParent":1,"model":"\u0422rek \u0434\u0435\u0442\u0441\u043a\u0438\u0439","number":"180","numberFrame":"WTU073CS0145J","serverId":"257","state":3,"tarif":{"name":"","sumDay":300,"sumHour":100,"sumTsHour":600}},{"count_rent":15,"idGroup":1,"idParent":1,"model":"","number":"182","numberFrame":"","serverId":"258","state":3,"tarif":{"name":"","sumDay":500,"sumHour":100,"sumTsHour":700}},{"count_rent":130,"idGroup":1,"idParent":1,"model":"Stels Navigator 570","number":"183","numberFrame":"S6B006007","serverId":"259","state":4,"tarif":{"name":"","sumDay":600,"sumHour":150,"sumTsHour":800}},{"count_rent":59,"idGroup":1,"idParent":1,"model":"\u0421\u043e\u044e\u0437","number":"184","numberFrame":"S710096593","serverId":"260","state":4,"tarif":{"name":"","sumDay":300,"sumHour":100,"sumTsHour":600}},{"count_rent":11,"idGroup":1,"idParent":1,"model":"Cinelli-185","number":"185","numberFrame":"6MCL532364","serverId":"261","state":4,"tarif":{"name":"","sumDay":300,"sumHour":100,"sumTsHour":600}},{"count_rent":94,"idGroup":1,"idParent":1,"model":"Kross level A2","number":"186","numberFrame":"LY2A011914 (EN14766)","serverId":"262","state":4,"tarif":{"name":"","sumDay":600,"sumHour":150,"sumTsHour":800}},{"count_rent":246,"idGroup":1,"idParent":1,"model":"Stels Navigator 930","number":"187","numberFrame":"S07C116274","serverId":"263","state":4,"tarif":{"name":"","sumDay":150,"sumHour":50,"sumTsHour":350}},{"count_rent":18,"idGroup":1,"idParent":1,"model":"","number":"189","numberFrame":"WL059363","serverId":"264","state":4,"tarif":{"name":"","sumDay":300,"sumHour":100,"sumTsHour":500}},{"count_rent":1,"idGroup":1,"idParent":1,"model":"polygon blizzard","number":"190","numberFrame":"81027777","serverId":"265","state":4,"tarif":{"name":"","sumDay":300,"sumHour":100,"sumTsHour":500}},{"count_rent":47,"idGroup":1,"idParent":2,"model":"\u041b\u043e\u043d\u0433\u0431\u043e\u0440\u0434","number":"500","numberFrame":"","serverId":"266","state":4,"tarif":{"name":"","sumDay":300,"sumHour":100,"sumTsHour":500}},{"count_rent":3,"idGroup":1,"idParent":2,"model":"\u0421\u043a\u0435\u0439\u0442\u0431\u043e\u0440\u0434 R","number":"501","numberFrame":"","serverId":"267","state":4,"tarif":{"name":"","sumDay":350,"sumHour":50,"sumTsHour":500}},{"count_rent":2,"idGroup":1,"idParent":2,"model":"\u0421\u043a\u0435\u0439\u0442\u0431\u043e\u0440\u0434 K","number":"502","numberFrame":"","serverId":"268","state":4,"tarif":{"name":"","sumDay":600,"sumHour":150,"sumTsHour":800}},{"count_rent":8,"idGroup":1,"idParent":2,"model":"","number":"550","numberFrame":"","serverId":"269","state":4,"tarif":{"name":"","sumDay":300,"sumHour":100,"sumTsHour":500}},{"count_rent":1,"idGroup":1,"idParent":2,"model":"","number":"551","numberFrame":"","serverId":"270","state":4,"tarif":{"name":"","sumDay":300,"sumHour":100,"sumTsHour":500}},{"count_rent":1,"idGroup":1,"idParent":2,"model":"","number":"552","numberFrame":"","serverId":"271","state":4,"tarif":{"name":"","sumDay":150,"sumHour":50,"sumTsHour":350}},{"count_rent":6,"idGroup":1,"idParent":2,"model":"","number":"553","numberFrame":"T9101R0343","serverId":"272","state":4,"tarif":{"name":"","sumDay":300,"sumHour":100,"sumTsHour":600}},{"count_rent":0,"idGroup":1,"idParent":3,"model":"(\u043a\u0440)fiesta\u0431","number":"","numberFrame":"40-43","serverId":"22","state":4,"tarif":{"name":"","sumDay":300,"sumHour":100,"sumTsHour":600}},{"count_rent":0,"idGroup":1,"idParent":3,"model":"(\u043a\u0440) sport","number":"0","numberFrame":"35-38","serverId":"23","state":4,"tarif":{"name":"","sumDay":350,"sumHour":50,"sumTsHour":500}},{"count_rent":0,"idGroup":1,"idParent":3,"model":"(\u043a\u0440)in like skates","number":"0","numberFrame":"37-40","serverId":"24","state":4,"tarif":{"name":"","sumDay":300,"sumHour":50,"sumTsHour":500}},{"count_rent":0,"idGroup":1,"idParent":3,"model":"(\u043a\u0440)in like skates","number":"0","numberFrame":"33-36","serverId":"25","state":4,"tarif":{"name":"","sumDay":300,"sumHour":100,"sumTsHour":500}},{"count_rent":4,"idGroup":1,"idParent":3,"model":"","number":"622","numberFrame":"38-41","serverId":"26","state":4,"tarif":{"name":"Gopro 3+","sumDay":300,"sumHour":100,"sumTsHour":500}},{"count_rent":52,"idGroup":1,"idParent":3,"model":"maxAmigo","number":"619","numberFrame":"38-41","serverId":"27","state":4,"tarif":{"name":"","sumDay":300,"sumHour":100,"sumTsHour":500}},{"count_rent":578,"idGroup":1,"idParent":3,"model":"(\u043a\u0440)urban","number":"","numberFrame":"40-43","serverId":"28","state":4,"tarif":{"name":"","sumDay":350,"sumHour":50,"sumTsHour":500}},{"count_rent":0,"idGroup":1,"idParent":3,"model":"(\u043a\u0440)roces","number":"","numberFrame":"42","serverId":"29","state":4,"tarif":{"name":"","sumDay":350,"sumHour":120,"sumTsHour":600}},{"count_rent":3,"idGroup":1,"idParent":3,"model":"(\u043a\u0440)magnum m1","number":"600","numberFrame":"10 us (43)","serverId":"273","state":4,"tarif":{"name":"","sumDay":300,"sumHour":100,"sumTsHour":600}},{"count_rent":11,"idGroup":1,"idParent":3,"model":"amigo sport ","number":"601","numberFrame":"35-38","serverId":"274","state":4,"tarif":{"name":"","sumDay":500,"sumHour":100,"sumTsHour":700}},{"count_rent":1,"idGroup":1,"idParent":3,"model":"(\u043a\u0440)african leopar","number":"602","numberFrame":"28-31","serverId":"275","state":4,"tarif":{"name":"","sumDay":600,"sumHour":150,"sumTsHour":800}},{"count_rent":20,"idGroup":1,"idParent":3,"model":"(\u043a\u0440)maxcity spark","number":"603","numberFrame":"40-43","serverId":"276","state":4,"tarif":{"name":"","sumDay":350,"sumHour":100,"sumTsHour":600}},{"count_rent":7,"idGroup":1,"idParent":3,"model":"(\u043a\u0440)maxAmigo","number":"604","numberFrame":"38-41","serverId":"277","state":4,"tarif":{"name":"","sumDay":350,"sumHour":50,"sumTsHour":500}},{"count_rent":7,"idGroup":1,"idParent":3,"model":"(\u043a\u0440)\u043a\u0440\u0430\u0441\u043d\u044b\u0435","number":"605","numberFrame":"","serverId":"278","state":4,"tarif":{"name":"","sumDay":300,"sumHour":100,"sumTsHour":500}},{"count_rent":1,"idGroup":1,"idParent":3,"model":"(\u043a\u0440)\u043a\u0438\u0441\u043b\u043e\u0442\u043d","number":"606","numberFrame":"","serverId":"279","state":4,"tarif":{"name":"","sumDay":300,"sumHour":100,"sumTsHour":500}},{"count_rent":3,"idGroup":1,"idParent":3,"model":"(\u043a\u0440)\u0444\u0438\u043e\u043b\u0435\u0442\u043e","number":"607","numberFrame":"","serverId":"280","state":4,"tarif":{"name":"","sumDay":350,"sumHour":50,"sumTsHour":500}},{"count_rent":24,"idGroup":1,"idParent":3,"model":"maxcity \u0440\u043e\u0437\u043e\u0432\u044b","number":"611","numberFrame":"38-41","serverId":"281","state":4,"tarif":{"name":"","sumDay":700,"sumHour":250,"sumTsHour":1000}},{"count_rent":34,"idGroup":1,"idParent":3,"model":"maxcity \u0441\u0438\u043d\u0438\u0435","number":"612","numberFrame":"35-38","serverId":"282","state":4,"tarif":{"name":"","sumDay":600,"sumHour":150,"sumTsHour":800}},{"count_rent":56,"idGroup":1,"idParent":3,"model":"active fit. 3","number":"613","numberFrame":"37","serverId":"283","state":4,"tarif":{"name":"","sumDay":100,"sumHour":100,"sumTsHour":120}},{"count_rent":14,"idGroup":1,"idParent":3,"model":"(\u043a\u0440)maxcity","number":"614","numberFrame":"46","serverId":"284","state":4,"tarif":{"name":"","sumDay":350,"sumHour":50,"sumTsHour":500}},{"count_rent":0,"idGroup":1,"idParent":3,"model":"maxAmigo (\u0447\u0435\u0440\u043d\u043e","number":"619","numberFrame":"38-41","serverId":"285","state":4,"tarif":{"name":"","sumDay":300,"sumHour":100,"sumTsHour":500}},{"count_rent":40,"idGroup":1,"idParent":3,"model":"","number":"621","numberFrame":"42","serverId":"286","state":4,"tarif":{"name":"","sumDay":300,"sumHour":100,"sumTsHour":600}},{"count_rent":0,"idGroup":1,"idParent":3,"model":"Re:action \u0441\u0435\u0440\u044b\u0435","number":"622","numberFrame":"39","serverId":"287","state":4,"tarif":{"name":"","sumDay":300,"sumHour":100,"sumTsHour":500}},{"count_rent":0,"idGroup":1,"idParent":3,"model":"","number":"620","numberFrame":"","serverId":"288","state":4,"tarif":{"name":"","sumDay":150,"sumHour":50,"sumTsHour":350}},{"count_rent":4,"idGroup":1,"idParent":3,"model":"oxelo \u0444\u0438\u043e\u043b\u0435\u0442\u043e","number":"608","numberFrame":"35-38","serverId":"289","state":4,"tarif":{"name":"","sumDay":300,"sumHour":50,"sumTsHour":500}},{"count_rent":30,"idGroup":1,"idParent":3,"model":"","number":"609","numberFrame":"38","serverId":"290","state":4,"tarif":{"name":"","sumDay":350,"sumHour":100,"sumTsHour":600}},{"count_rent":3,"idGroup":1,"idParent":3,"model":"","number":"610","numberFrame":"41","serverId":"291","state":4,"tarif":{"name":"","sumDay":350,"sumHour":50,"sumTsHour":500}},{"count_rent":3,"idGroup":1,"idParent":3,"model":"","number":"615","numberFrame":"44","serverId":"292","state":4,"tarif":{"name":"","sumDay":100,"sumHour":100,"sumTsHour":120}},{"count_rent":0,"idGroup":1,"idParent":3,"model":"","number":"616","numberFrame":"43","serverId":"293","state":4,"tarif":{"name":"","sumDay":300,"sumHour":100,"sumTsHour":600}},{"count_rent":1,"idGroup":1,"idParent":3,"model":"max city \u0436\u0435\u043b\u0442\u043e-","number":"617","numberFrame":"35-38","serverId":"294","state":4,"tarif":{"name":"","sumDay":300,"sumHour":100,"sumTsHour":500}},{"count_rent":17,"idGroup":1,"idParent":3,"model":"38-41\u0441\u0438\u043d\u0435-\u0431\u0435\u043b","number":"618","numberFrame":"38-41","serverId":"295","state":4,"tarif":{"name":"","sumDay":350,"sumHour":50,"sumTsHour":500}},{"count_rent":0,"idGroup":1,"idParent":4,"model":"13 \u043c\u043c","number":"","numberFrame":"","serverId":"296","state":4,"tarif":{"name":"","sumDay":350,"sumHour":50,"sumTsHour":500}},{"count_rent":0,"idGroup":1,"idParent":4,"model":"14 \u043c\u043c ","number":"","numberFrame":"","serverId":"297","state":4,"tarif":{"name":"","sumDay":600,"sumHour":150,"sumTsHour":800}},{"count_rent":0,"idGroup":1,"idParent":4,"model":"15 \u043c\u043c","number":"","numberFrame":"","serverId":"298","state":4,"tarif":{"name":"","sumDay":300,"sumHour":100,"sumTsHour":500}},{"count_rent":0,"idGroup":1,"idParent":4,"model":"15 \u043c\u043c \u043c\u043e\u043d\u0442\u0430\u0436","number":"","numberFrame":"","serverId":"299","state":4,"tarif":{"name":"","sumDay":1000,"sumHour":300,"sumTsHour":1500}},{"count_rent":0,"idGroup":1,"idParent":4,"model":"17 \u043c\u043c","number":"","numberFrame":"","serverId":"300","state":4,"tarif":{"name":"","sumDay":300,"sumHour":50,"sumTsHour":500}},{"count_rent":0,"idGroup":1,"idParent":4,"model":"19 \u043c\u043c","number":"","numberFrame":"","serverId":"301","state":4,"tarif":{"name":"","sumDay":100,"sumHour":100,"sumTsHour":120}},{"count_rent":0,"idGroup":1,"idParent":4,"model":"\u0440\u0430\u0437\u0432\u043e\u0434\u043d\u043e\u0439 2","number":"","numberFrame":"","serverId":"302","state":4,"tarif":{"name":"","sumDay":350,"sumHour":50,"sumTsHour":500}},{"count_rent":0,"idGroup":1,"idParent":5,"model":"8\u043c\u043c \u0434\u043b\u0438\u043d\u043d\u044b\u0439","number":"","numberFrame":"","serverId":"303","state":4,"tarif":{"name":"","sumDay":350,"sumHour":100,"sumTsHour":600}},{"count_rent":0,"idGroup":1,"idParent":5,"model":"","number":"","numberFrame":"","serverId":"304","state":4,"tarif":{"name":"","sumDay":700,"sumHour":250,"sumTsHour":1000}},{"count_rent":0,"idGroup":1,"idParent":5,"model":"\u0442\u0440\u043e\u0439\u043d\u043e\u0439 parkt","number":"","numberFrame":"","serverId":"305","state":4,"tarif":{"name":"","sumDay":100,"sumHour":100,"sumTsHour":120}},{"count_rent":0,"idGroup":1,"idParent":5,"model":"\u043a\u0430\u0440\u0435\u0442\u043e\u0447\u043d\u044b\u0439","number":"","numberFrame":"","serverId":"306","state":4,"tarif":{"name":"","sumDay":300,"sumHour":100,"sumTsHour":500}},{"count_rent":0,"idGroup":1,"idParent":5,"model":"BikeHand 30-32-36-40","number":"","numberFrame":"","serverId":"307","state":4,"tarif":{"name":"","sumDay":800,"sumHour":300,"sumTsHour":1200}},{"count_rent":0,"idGroup":1,"idParent":5,"model":"\u0437\u0443\u0431\u0438\u043b\u043e ","number":"","numberFrame":"","serverId":"308","state":4,"tarif":{"name":"","sumDay":100,"sumHour":100,"sumTsHour":120}},{"count_rent":0,"idGroup":1,"idParent":5,"model":"\u043c\u043e\u043d\u0442\u0430\u0436\u043a\u0438 ","number":"","numberFrame":"","serverId":"309","state":4,"tarif":{"name":"Gopro 3+","sumDay":300,"sumHour":100,"sumTsHour":500}},{"count_rent":0,"idGroup":1,"idParent":5,"model":"\u043d\u043e\u0436\u043d\u0438\u0446\u044b","number":"","numberFrame":"","serverId":"310","state":4,"tarif":{"name":"","sumDay":350,"sumHour":100,"sumTsHour":600}},{"count_rent":0,"idGroup":1,"idParent":5,"model":"\u0448\u0442\u0430\u043d\u0433\u0435\u043d\u0446\u0438\u0440","number":"","numberFrame":"","serverId":"311","state":4,"tarif":{"name":"","sumDay":300,"sumHour":100,"sumTsHour":600}},{"count_rent":0,"idGroup":1,"idParent":5,"model":"\u041d\u0430\u0431\u043e\u0440 \u0431\u0438\u0442 7 ","number":"","numberFrame":"","serverId":"312","state":4,"tarif":{"name":"","sumDay":300,"sumHour":100,"sumTsHour":500}},{"count_rent":0,"idGroup":1,"idParent":5,"model":"\u041a\u0430\u043d\u0446\u0435\u043b\u044f\u0440\u0441\u043a","number":"","numberFrame":"","serverId":"313","state":4,"tarif":{"name":"","sumDay":350,"sumHour":50,"sumTsHour":500}},{"count_rent":0,"idGroup":1,"idParent":5,"model":"\u0421\u0442\u0440\u0443\u0431\u0446\u0438\u043d\u0430 ","number":"","numberFrame":"","serverId":"314","state":4,"tarif":{"name":"","sumDay":350,"sumHour":50,"sumTsHour":500}},{"count_rent":0,"idGroup":1,"idParent":5,"model":"\u041f\u0435\u0440\u0435\u0445\u043e\u0434\u043d\u0438\u043a","number":"","numberFrame":"","serverId":"315","state":4,"tarif":{"name":"","sumDay":300,"sumHour":100,"sumTsHour":500}},{"count_rent":24,"idGroup":1,"idParent":6,"model":"blackfire (\u0441-bf)","number":"","numberFrame":"157","serverId":"316","state":4,"tarif":{"name":"","sumDay":300,"sumHour":100,"sumTsHour":600}},{"count_rent":22,"idGroup":1,"idParent":6,"model":"Strike Bone(c-sb)","number":"","numberFrame":"160","serverId":"317","state":4,"tarif":{"name":"","sumDay":100,"sumHour":100,"sumTsHour":120}},{"count_rent":22,"idGroup":1,"idParent":6,"model":"RoyalFlush (c-rf)","number":"","numberFrame":"161","serverId":"318","state":4,"tarif":{"name":"","sumDay":600,"sumHour":150,"sumTsHour":800}},{"count_rent":12,"idGroup":1,"idParent":6,"model":"SC Oop (c-so)","number":"","numberFrame":"160","serverId":"319","state":4,"tarif":{"name":"","sumDay":300,"sumHour":100,"sumTsHour":600}},{"count_rent":15,"idGroup":1,"idParent":6,"model":"Black Fire (c- bf)","number":"","numberFrame":"159","serverId":"320","state":4,"tarif":{"name":"","sumDay":350,"sumHour":50,"sumTsHour":500}},{"count_rent":19,"idGroup":1,"idParent":6,"model":"SpecialLady  (c - sl","number":"","numberFrame":"152","serverId":"321","state":4,"tarif":{"name":"","sumDay":300,"sumHour":100,"sumTsHour":500}},{"count_rent":18,"idGroup":1,"idParent":6,"model":"BlackFire Scoup 160 ","number":"","numberFrame":"160","serverId":"322","state":4,"tarif":{"name":"","sumDay":300,"sumHour":100,"sumTsHour":500}},{"count_rent":0,"idGroup":1,"idParent":6,"model":"Bone targa 151","number":"c8","numberFrame":"151","serverId":"323","state":4,"tarif":{"name":"","sumDay":300,"sumHour":100,"sumTsHour":500}},{"count_rent":32,"idGroup":1,"idParent":7,"model":"BlackFire","number":"","numberFrame":"42","serverId":"324","state":4,"tarif":{"name":"","sumDay":350,"sumHour":120,"sumTsHour":600}},{"count_rent":20,"idGroup":1,"idParent":7,"model":"BlackFire","number":"","numberFrame":"41","serverId":"325","state":4,"tarif":{"name":"","sumDay":300,"sumHour":100,"sumTsHour":600}},{"count_rent":19,"idGroup":1,"idParent":7,"model":"BlackFire","number":"","numberFrame":"44","serverId":"326","state":4,"tarif":{"name":"","sumDay":350,"sumHour":50,"sumTsHour":500}},{"count_rent":11,"idGroup":1,"idParent":7,"model":"BlackFire","number":"","numberFrame":"40","serverId":"327","state":4,"tarif":{"name":"","sumDay":300,"sumHour":50,"sumTsHour":500}},{"count_rent":9,"idGroup":1,"idParent":7,"model":"BlackFire","number":"","numberFrame":"39","serverId":"328","state":4,"tarif":{"name":"","sumDay":300,"sumHour":100,"sumTsHour":500}},{"count_rent":18,"idGroup":1,"idParent":7,"model":"BlackFire","number":"","numberFrame":"43","serverId":"329","state":4,"tarif":{"name":"","sumDay":600,"sumHour":150,"sumTsHour":800}},{"count_rent":8,"idGroup":1,"idParent":7,"model":"Bone","number":"","numberFrame":"42,5","serverId":"330","state":4,"tarif":{"name":"","sumDay":300,"sumHour":100,"sumTsHour":500}},{"count_rent":0,"idGroup":1,"idParent":8,"model":"Bone","number":"1110","numberFrame":"33-37","serverId":"332","state":4,"tarif":{"name":"","sumDay":350,"sumHour":100,"sumTsHour":600}},{"count_rent":5,"idGroup":1,"idParent":9,"model":"Rossignol  Xtour int","number":"","numberFrame":"195","serverId":"333","state":4,"tarif":{"name":"","sumDay":1000,"sumHour":300,"sumTsHour":1500}},{"count_rent":5,"idGroup":1,"idParent":9,"model":"Rossignol  Xtour ven","number":"","numberFrame":"170","serverId":"334","state":4,"tarif":{"name":"","sumDay":350,"sumHour":50,"sumTsHour":500}},{"count_rent":5,"idGroup":1,"idParent":9,"model":"Rossignol  Xtour ven","number":"","numberFrame":"170","serverId":"335","state":4,"tarif":{"name":"","sumDay":600,"sumHour":150,"sumTsHour":800}},{"count_rent":5,"idGroup":1,"idParent":10,"model":"","number":"","numberFrame":"44","serverId":"336","state":4,"tarif":{"name":"","sumDay":600,"sumHour":150,"sumTsHour":800}},{"count_rent":6,"idGroup":1,"idParent":10,"model":"","number":"","numberFrame":"38","serverId":"337","state":4,"tarif":{"name":"","sumDay":100,"sumHour":100,"sumTsHour":120}},{"count_rent":4,"idGroup":1,"idParent":10,"model":"","number":"","numberFrame":"38","serverId":"338","state":4,"tarif":{"name":"","sumDay":350,"sumHour":50,"sumTsHour":500}},{"count_rent":5,"idGroup":1,"idParent":11,"model":"Leki vasa 145","number":"","numberFrame":"145","serverId":"339","state":4,"tarif":{"name":"Gopro 3+","sumDay":300,"sumHour":100,"sumTsHour":500}},{"count_rent":5,"idGroup":1,"idParent":11,"model":"One way diamant 155","number":"","numberFrame":"155","serverId":"340","state":4,"tarif":{"name":"","sumDay":300,"sumHour":100,"sumTsHour":500}},{"count_rent":5,"idGroup":1,"idParent":11,"model":"Flash aluminium 150","number":"","numberFrame":"150","serverId":"341","state":4,"tarif":{"name":"","sumDay":1000,"sumHour":300,"sumTsHour":1500}},{"count_rent":8,"idGroup":1,"idParent":12,"model":"go pro 3+","number":"","numberFrame":"","serverId":"39","state":4,"tarif":{"name":"","sumDay":300,"sumHour":100,"sumTsHour":500}},{"count_rent":1,"idGroup":1,"idParent":12,"model":"go pro 2","number":"","numberFrame":"","serverId":"342","state":4,"tarif":{"name":"","sumDay":300,"sumHour":100,"sumTsHour":600}},{"count_rent":26,"idGroup":1,"idParent":12,"model":"go pro 3","number":"","numberFrame":"","serverId":"343","state":4,"tarif":{"name":"","sumDay":150,"sumHour":50,"sumTsHour":350}},{"count_rent":0,"idGroup":1,"idParent":12,"model":"\u043a\u0440\u0435\u043f\u043b\u0435\u043d\u0438\u044f","number":"4","numberFrame":"","serverId":"344","state":4,"tarif":{"name":"","sumDay":800,"sumHour":300,"sumTsHour":1200}},{"count_rent":1,"idGroup":1,"idParent":13,"model":"","number":"","numberFrame":"","serverId":"345","state":4,"tarif":{"name":"","sumDay":500,"sumHour":100,"sumTsHour":700}},{"count_rent":1,"idGroup":1,"idParent":13,"model":"","number":"","numberFrame":"","serverId":"346","state":4,"tarif":{"name":"","sumDay":350,"sumHour":50,"sumTsHour":500}},{"count_rent":0,"idGroup":1,"idParent":13,"model":"","number":"","numberFrame":"","serverId":"347","state":4,"tarif":{"name":"","sumDay":600,"sumHour":150,"sumTsHour":800}},{"count_rent":0,"idGroup":1,"idParent":13,"model":"","number":"","numberFrame":"","serverId":"348","state":4,"tarif":{"name":"","sumDay":1000,"sumHour":300,"sumTsHour":1500}},{"count_rent":0,"idGroup":1,"idParent":13,"model":" \u0441\u043f\u0430\u043b\u044c\u043d\u044b\u0439 \u043c","number":"","numberFrame":"","serverId":"349","state":4,"tarif":{"name":"","sumDay":1000,"sumHour":300,"sumTsHour":1500}},{"count_rent":0,"idGroup":1,"idParent":13,"model":"","number":"","numberFrame":"","serverId":"350","state":4,"tarif":{"name":"","sumDay":300,"sumHour":100,"sumTsHour":500}},{"count_rent":0,"idGroup":1,"idParent":13,"model":"","number":"","numberFrame":"","serverId":"351","state":4,"tarif":{"name":"","sumDay":100,"sumHour":100,"sumTsHour":120}},{"count_rent":2,"idGroup":1,"idParent":14,"model":"\u043f\u0430\u043b\u0430\u0442\u043a\u0430 2-\u0445 ","number":"","numberFrame":"","serverId":"40","state":4,"tarif":{"name":"","sumDay":300,"sumHour":100,"sumTsHour":500}},{"count_rent":0,"idGroup":1,"idParent":14,"model":"\u043f\u0430\u043b\u0430\u0442\u043a\u0430 2-\u0445 ","number":"","numberFrame":"","serverId":"41","state":4,"tarif":{"name":"","sumDay":350,"sumHour":50,"sumTsHour":500}},{"count_rent":0,"idGroup":1,"idParent":14,"model":"\u043f\u0430\u043b\u0430\u0442\u043a\u0430 2-\u0445 ","number":"","numberFrame":"","serverId":"42","state":4,"tarif":{"name":"","sumDay":300,"sumHour":100,"sumTsHour":600}},{"count_rent":0,"idGroup":1,"idParent":14,"model":"\u043f\u0430\u043b\u0430\u0442\u043a\u0430 2-\u0445 ","number":"","numberFrame":"","serverId":"43","state":4,"tarif":{"name":"","sumDay":300,"sumHour":100,"sumTsHour":500}},{"count_rent":0,"idGroup":1,"idParent":14,"model":"\u043f\u0430\u043b\u0430\u0442\u043a\u0430 4-\u0445 ","number":"","numberFrame":"","serverId":"44","state":4,"tarif":{"name":"","sumDay":800,"sumHour":300,"sumTsHour":1200}},{"count_rent":0,"idGroup":1,"idParent":14,"model":"\u043f\u0430\u043b\u0430\u0442\u043a\u0430 2-\u0445 ","number":"","numberFrame":"","serverId":"45","state":4,"tarif":{"name":"","sumDay":600,"sumHour":150,"sumTsHour":800}},{"count_rent":0,"idGroup":1,"idParent":15,"model":"","number":"","numberFrame":"","serverId":"46","state":4,"tarif":{"name":"","sumDay":350,"sumHour":100,"sumTsHour":600}},{"count_rent":4,"idGroup":1,"idParent":15,"model":"","number":"801","numberFrame":"","serverId":"47","state":4,"tarif":{"name":"","sumDay":300,"sumHour":100,"sumTsHour":500}},{"count_rent":0,"idGroup":1,"idParent":15,"model":"","number":"802","numberFrame":"","serverId":"48","state":4,"tarif":{"name":"","sumDay":300,"sumHour":100,"sumTsHour":500}},{"count_rent":1,"idGroup":1,"idParent":15,"model":"","number":"803","numberFrame":"","serverId":"49","state":4,"tarif":{"name":"","sumDay":350,"sumHour":100,"sumTsHour":600}},{"count_rent":2,"idGroup":1,"idParent":15,"model":"","number":"804","numberFrame":"","serverId":"50","state":4,"tarif":{"name":"","sumDay":300,"sumHour":100,"sumTsHour":600}},{"count_rent":1,"idGroup":1,"idParent":15,"model":"","number":"805","numberFrame":"","serverId":"51","state":4,"tarif":{"name":"","sumDay":600,"sumHour":150,"sumTsHour":800}},{"count_rent":1,"idGroup":1,"idParent":15,"model":"","number":"807","numberFrame":"","serverId":"52","state":4,"tarif":{"name":"","sumDay":600,"sumHour":150,"sumTsHour":800}},{"count_rent":2,"idGroup":1,"idParent":15,"model":"","number":"808","numberFrame":"","serverId":"53","state":4,"tarif":{"name":"","sumDay":800,"sumHour":300,"sumTsHour":1200}},{"count_rent":0,"idGroup":1,"idParent":15,"model":"","number":"809","numberFrame":"","serverId":"54","state":4,"tarif":{"name":"","sumDay":700,"sumHour":250,"sumTsHour":1000}},{"count_rent":0,"idGroup":1,"idParent":15,"model":"","number":"806","numberFrame":"","serverId":"352","state":4,"tarif":{"name":"","sumDay":300,"sumHour":100,"sumTsHour":500}},{"count_rent":0,"idGroup":1,"idParent":15,"model":"","number":"","numberFrame":"","serverId":"353","state":4,"tarif":{"name":"","sumDay":600,"sumHour":150,"sumTsHour":800}},{"count_rent":0,"idGroup":1,"idParent":15,"model":"\u043a\u0440\u0430\u0441\u043d\u044b\u0439 \u0441 \u0433","number":"","numberFrame":"","serverId":"354","state":4,"tarif":{"name":"","sumDay":300,"sumHour":100,"sumTsHour":500}},{"count_rent":0,"idGroup":1,"idParent":16,"model":"","number":"","numberFrame":"","serverId":"55","state":4,"tarif":{"name":"","sumDay":300,"sumHour":50,"sumTsHour":500}},{"count_rent":2,"idGroup":1,"idParent":16,"model":"","number":"701","numberFrame":"","serverId":"56","state":4,"tarif":{"name":"","sumDay":300,"sumHour":100,"sumTsHour":500}},{"count_rent":0,"idGroup":1,"idParent":16,"model":"","number":"","numberFrame":"","serverId":"57","state":4,"tarif":{"name":"","sumDay":300,"sumHour":100,"sumTsHour":500}},{"count_rent":0,"idGroup":1,"idParent":16,"model":"","number":"","numberFrame":"","serverId":"58","state":4,"tarif":{"name":"","sumDay":300,"sumHour":50,"sumTsHour":500}},{"count_rent":16,"idGroup":1,"idParent":16,"model":"","number":"703","numberFrame":"","serverId":"59","state":4,"tarif":{"name":"","sumDay":350,"sumHour":50,"sumTsHour":500}},{"count_rent":0,"idGroup":1,"idParent":16,"model":"","number":"","numberFrame":"","serverId":"60","state":4,"tarif":{"name":"","sumDay":300,"sumHour":100,"sumTsHour":500}},{"count_rent":0,"idGroup":1,"idParent":16,"model":"","number":"","numberFrame":"","serverId":"61","state":4,"tarif":{"name":"","sumDay":300,"sumHour":100,"sumTsHour":500}},{"count_rent":78,"idGroup":1,"idParent":16,"model":"","number":"705","numberFrame":"","serverId":"62","state":4,"tarif":{"name":"","sumDay":600,"sumHour":150,"sumTsHour":800}},{"count_rent":0,"idGroup":1,"idParent":16,"model":"","number":"","numberFrame":"","serverId":"63","state":4,"tarif":{"name":"","sumDay":300,"sumHour":100,"sumTsHour":600}},{"count_rent":0,"idGroup":1,"idParent":16,"model":"\u041a\u043b\u0438\u0435\u043d\u0442\u0441\u043a\u043e\u0435","number":"","numberFrame":"","serverId":"64","state":4,"tarif":{"name":"","sumDay":150,"sumHour":50,"sumTsHour":350}},{"count_rent":0,"idGroup":1,"idParent":16,"model":"","number":"","numberFrame":"","serverId":"65","state":4,"tarif":{"name":"","sumDay":300,"sumHour":100,"sumTsHour":500}},{"count_rent":4,"idGroup":1,"idParent":16,"model":"","number":"700","numberFrame":"","serverId":"355","state":4,"tarif":{"name":"","sumDay":350,"sumHour":50,"sumTsHour":500}},{"count_rent":2,"idGroup":1,"idParent":16,"model":"","number":"702","numberFrame":"","serverId":"356","state":4,"tarif":{"name":"","sumDay":500,"sumHour":100,"sumTsHour":700}},{"count_rent":3,"idGroup":1,"idParent":16,"model":"","number":"704","numberFrame":"","serverId":"357","state":4,"tarif":{"name":"","sumDay":600,"sumHour":150,"sumTsHour":800}},{"count_rent":2,"idGroup":1,"idParent":17,"model":"\u0437\u0430\u043c\u043e\u043a \u0441 \u0446\u0435\u043f","number":"900","numberFrame":"","serverId":"358","state":4,"tarif":{"name":"","sumDay":300,"sumHour":100,"sumTsHour":600}},{"count_rent":1,"idGroup":1,"idParent":17,"model":"\u0437\u0430\u043c\u043e\u043a \u0441 \u0446\u0435\u043f","number":"901","numberFrame":"","serverId":"359","state":4,"tarif":{"name":"","sumDay":300,"sumHour":100,"sumTsHour":500}},{"count_rent":0,"idGroup":1,"idParent":17,"model":"\u0437\u0430\u043c\u043e\u043a \u0441 \u0446\u0435\u043f","number":"902","numberFrame":"","serverId":"360","state":4,"tarif":{"name":"","sumDay":300,"sumHour":100,"sumTsHour":500}},{"count_rent":0,"idGroup":1,"idParent":17,"model":"\u0437\u0430\u043c\u043e\u043a \u0441 \u0446\u0435\u043f","number":"903","numberFrame":"","serverId":"361","state":4,"tarif":{"name":"","sumDay":350,"sumHour":50,"sumTsHour":500}},{"count_rent":1,"idGroup":1,"idParent":17,"model":"\u0437\u0430\u043c\u043e\u043a \u0441 \u0446\u0435\u043f","number":"904","numberFrame":"","serverId":"362","state":4,"tarif":{"name":"","sumDay":1000,"sumHour":300,"sumTsHour":1500}},{"count_rent":0,"idGroup":1,"idParent":17,"model":"\u0437\u0430\u043c\u043e\u043a  \u0431\u0440\u0438\u0433","number":"905","numberFrame":"","serverId":"363","state":4,"tarif":{"name":"","sumDay":600,"sumHour":150,"sumTsHour":800}},{"count_rent":0,"idGroup":1,"idParent":17,"model":"\u0437\u0430\u043c\u043e\u043a \u0442\u0440\u043e\u0441","number":"906","numberFrame":"","serverId":"364","state":4,"tarif":{"name":"Gopro 3+","sumDay":300,"sumHour":100,"sumTsHour":500}},{"count_rent":1,"idGroup":1,"idParent":17,"model":"","number":"907","numberFrame":"","serverId":"365","state":4,"tarif":{"name":"","sumDay":300,"sumHour":100,"sumTsHour":600}},{"count_rent":1,"idGroup":1,"idParent":17,"model":"","number":"908","numberFrame":"","serverId":"366","state":4,"tarif":{"name":"","sumDay":300,"sumHour":100,"sumTsHour":600}},{"count_rent":0,"idGroup":1,"idParent":18,"model":"\u0444\u043e\u043d\u0430\u0440\u0438\u043a BTWIN","number":"1601","numberFrame":"","serverId":"367","state":4,"tarif":{"name":"","sumDay":350,"sumHour":50,"sumTsHour":500}},{"count_rent":0,"idGroup":1,"idParent":18,"model":"\u0444\u043e\u043d\u0430\u0440\u0438\u043a BTWIN","number":"1602","numberFrame":"","serverId":"368","state":4,"tarif":{"name":"","sumDay":1000,"sumHour":300,"sumTsHour":1500}},{"count_rent":0,"idGroup":1,"idParent":18,"model":"\u0444\u043e\u043d\u0430\u0440\u0438\u043a BTWIN","number":"1603","numberFrame":"","serverId":"369","state":4,"tarif":{"name":"","sumDay":700,"sumHour":250,"sumTsHour":1000}},{"count_rent":0,"idGroup":1,"idParent":18,"model":"\u0444\u043e\u043d\u0430\u0440\u0438\u043a BTWIN","number":"1604","numberFrame":"","serverId":"370","state":4,"tarif":{"name":"","sumDay":500,"sumHour":100,"sumTsHour":700}},{"count_rent":0,"idGroup":1,"idParent":18,"model":"\u0444\u043e\u043d\u0430\u0440\u0438\u043a BTWIN","number":"1605","numberFrame":"","serverId":"371","state":4,"tarif":{"name":"","sumDay":300,"sumHour":100,"sumTsHour":500}},{"count_rent":0,"idGroup":1,"idParent":18,"model":"\u0444\u043e\u043d\u0430\u0440\u0438\u043a BTWIN","number":"1606","numberFrame":"","serverId":"372","state":4,"tarif":{"name":"","sumDay":300,"sumHour":100,"sumTsHour":500}},{"count_rent":0,"idGroup":1,"idParent":18,"model":"\u0444\u043e\u043d\u0430\u0440\u0438\u043a BTWIN","number":"1607","numberFrame":"","serverId":"373","state":4,"tarif":{"name":"","sumDay":600,"sumHour":150,"sumTsHour":800}},{"count_rent":0,"idGroup":1,"idParent":18,"model":"\u0444\u043e\u043d\u0430\u0440\u0438\u043a BTWIN","number":"1608","numberFrame":"","serverId":"374","state":4,"tarif":{"name":"","sumDay":300,"sumHour":100,"sumTsHour":500}},{"count_rent":0,"idGroup":1,"idParent":18,"model":"\u0444\u043e\u043d\u0430\u0440\u0438\u043a BTWIN","number":"1609","numberFrame":"","serverId":"375","state":4,"tarif":{"name":"","sumDay":350,"sumHour":50,"sumTsHour":500}},{"count_rent":0,"idGroup":1,"idParent":18,"model":"\u0444\u043e\u043d\u0430\u0440\u0438\u043a BTWIN","number":"1610","numberFrame":"","serverId":"376","state":4,"tarif":{"name":"","sumDay":350,"sumHour":50,"sumTsHour":500}},{"count_rent":0,"idGroup":1,"idParent":18,"model":"\u0444\u043e\u043d\u0430\u0440\u0438\u043a BTWIN","number":"1611","numberFrame":"","serverId":"377","state":4,"tarif":{"name":"","sumDay":700,"sumHour":250,"sumTsHour":1000}},{"count_rent":0,"idGroup":1,"idParent":18,"model":"\u0444\u043e\u043d\u0430\u0440\u0438\u043a BTWIN","number":"1612","numberFrame":"","serverId":"378","state":4,"tarif":{"name":"","sumDay":350,"sumHour":50,"sumTsHour":500}},{"count_rent":0,"idGroup":1,"idParent":18,"model":"\u0444\u043e\u043d\u0430\u0440\u0438\u043a BTWIN","number":"1613","numberFrame":"","serverId":"379","state":4,"tarif":{"name":"","sumDay":300,"sumHour":100,"sumTsHour":500}},{"count_rent":0,"idGroup":1,"idParent":18,"model":"\u0444\u043e\u043d\u0430\u0440\u0438\u043a BTWIN","number":"1614","numberFrame":"","serverId":"380","state":4,"tarif":{"name":"","sumDay":800,"sumHour":300,"sumTsHour":1200}},{"count_rent":0,"idGroup":1,"idParent":18,"model":"\u0444\u043e\u043d\u0430\u0440\u0438\u043a BTWIN","number":"1615","numberFrame":"","serverId":"381","state":4,"tarif":{"name":"","sumDay":350,"sumHour":50,"sumTsHour":500}},{"count_rent":0,"idGroup":1,"idParent":18,"model":"\u0444\u043e\u043d\u0430\u0440\u0438\u043a BTWIN","number":"1616","numberFrame":"","serverId":"382","state":4,"tarif":{"name":"","sumDay":300,"sumHour":100,"sumTsHour":600}},{"count_rent":0,"idGroup":1,"idParent":18,"model":"\u0444\u043e\u043d\u0430\u0440\u0438\u043a BTWIN","number":"1617","numberFrame":"","serverId":"383","state":4,"tarif":{"name":"","sumDay":700,"sumHour":250,"sumTsHour":1000}},{"count_rent":0,"idGroup":1,"idParent":18,"model":"\u0444\u043e\u043d\u0430\u0440\u0438\u043a BTWIN","number":"1618","numberFrame":"","serverId":"384","state":4,"tarif":{"name":"","sumDay":300,"sumHour":100,"sumTsHour":500}},{"count_rent":0,"idGroup":1,"idParent":18,"model":"\u0444\u043e\u043d\u0430\u0440\u0438\u043a BTWIN","number":"1619","numberFrame":"","serverId":"385","state":4,"tarif":{"name":"","sumDay":300,"sumHour":100,"sumTsHour":500}},{"count_rent":0,"idGroup":1,"idParent":18,"model":"\u0444\u043e\u043d\u0430\u0440\u0438\u043a BTWIN","number":"1620","numberFrame":"","serverId":"386","state":4,"tarif":{"name":"","sumDay":500,"sumHour":100,"sumTsHour":700}},{"count_rent":0,"idGroup":1,"idParent":18,"model":"\u0444\u043e\u043d\u0430\u0440\u0438\u043a BTWIN","number":"1621","numberFrame":"","serverId":"387","state":4,"tarif":{"name":"","sumDay":300,"sumHour":100,"sumTsHour":600}},{"count_rent":0,"idGroup":1,"idParent":19,"model":"","number":"5000","numberFrame":"","serverId":"388","state":4,"tarif":{"name":"","sumDay":600,"sumHour":150,"sumTsHour":800}},{"count_rent":0,"idGroup":1,"idParent":19,"model":"\u0422\u0440\u0443\u0431\u043a\u0430 \u043e\u0442 \u043f","number":"5001","numberFrame":"","serverId":"389","state":4,"tarif":{"name":"Gopro 3+","sumDay":300,"sumHour":100,"sumTsHour":500}},{"count_rent":0,"idGroup":1,"idParent":19,"model":"\u0422\u0440\u0443\u0431\u043a\u0430 \u043e\u0442 \u043f","number":"5002","numberFrame":"","serverId":"390","state":4,"tarif":{"name":"","sumDay":300,"sumHour":100,"sumTsHour":600}},{"count_rent":0,"idGroup":1,"idParent":19,"model":"\u0428\u043b\u0430\u043d\u0433 \u043e\u0442 \u043f\u044b","number":"5003","numberFrame":"","serverId":"391","state":4,"tarif":{"name":"","sumDay":600,"sumHour":150,"sumTsHour":800}},{"count_rent":0,"idGroup":1,"idParent":19,"model":"\u0429\u0435\u0442\u043a\u0430 \u043e\u0442 \u043f\u044b","number":"5004","numberFrame":"","serverId":"392","state":4,"tarif":{"name":"","sumDay":800,"sumHour":300,"sumTsHour":1200}},{"count_rent":0,"idGroup":1,"idParent":19,"model":"","number":"5005","numberFrame":"","serverId":"393","state":4,"tarif":{"name":"","sumDay":300,"sumHour":50,"sumTsHour":500}},{"count_rent":0,"idGroup":1,"idParent":19,"model":"","number":"5006","numberFrame":"","serverId":"394","state":4,"tarif":{"name":"","sumDay":350,"sumHour":50,"sumTsHour":500}},{"count_rent":0,"idGroup":1,"idParent":19,"model":"","number":"5007","numberFrame":"","serverId":"395","state":4,"tarif":{"name":"","sumDay":800,"sumHour":300,"sumTsHour":1200}},{"count_rent":0,"idGroup":1,"idParent":19,"model":"","number":"5008","numberFrame":"","serverId":"396","state":4,"tarif":{"name":"","sumDay":300,"sumHour":100,"sumTsHour":500}},{"count_rent":0,"idGroup":1,"idParent":19,"model":"\u0428\u043b\u0430\u043d\u0433 \u043e\u0442 \u043c\u043e","number":"5009","numberFrame":"","serverId":"397","state":4,"tarif":{"name":"","sumDay":100,"sumHour":100,"sumTsHour":120}},{"count_rent":83,"idGroup":1,"idParent":20,"model":"KHS Alite 150","number":"28","numberFrame":"v12d02658","serverId":"67","state":4,"tarif":{"name":"","sumDay":300,"sumHour":50,"sumTsHour":500}},{"count_rent":1,"idGroup":1,"idParent":20,"model":"KHS Alite 150","number":"29","numberFrame":"v12d05353","serverId":"68","state":3,"tarif":{"name":"","sumDay":300,"sumHour":100,"sumTsHour":500}},{"count_rent":108,"idGroup":1,"idParent":20,"model":"stels navigator 810","number":"41","numberFrame":"xl 12c087120","serverId":"69","state":4,"tarif":{"name":"","sumDay":300,"sumHour":100,"sumTsHour":500}},{"count_rent":24,"idGroup":1,"idParent":20,"model":"stels navigator 500","number":"51","numberFrame":"li 101201893","serverId":"70","state":4,"tarif":{"name":"","sumDay":150,"sumHour":50,"sumTsHour":350}},{"count_rent":338,"idGroup":1,"idParent":20,"model":"viper evolution 100","number":"74","numberFrame":"at60301748","serverId":"71","state":4,"tarif":{"name":"","sumDay":300,"sumHour":100,"sumTsHour":500}},{"count_rent":66,"idGroup":1,"idParent":20,"model":"Murray","number":"82","numberFrame":"1102109","serverId":"72","state":4,"tarif":{"name":"","sumDay":300,"sumHour":100,"sumTsHour":500}},{"count_rent":0,"idGroup":1,"idParent":20,"model":"Pegas","number":"85","numberFrame":"uv06300888","serverId":"73","state":4,"tarif":{"name":"","sumDay":300,"sumHour":100,"sumTsHour":500}},{"count_rent":29,"idGroup":1,"idParent":20,"model":"Scott YZ3","number":"102","numberFrame":"TY4131608","serverId":"74","state":4,"tarif":{"name":"","sumDay":600,"sumHour":150,"sumTsHour":800}},{"count_rent":0,"idGroup":1,"idParent":20,"model":"Schwinn Roadster tri","number":"109","numberFrame":"","serverId":"75","state":4,"tarif":{"name":"","sumDay":300,"sumHour":100,"sumTsHour":500}},{"count_rent":12,"idGroup":1,"idParent":20,"model":"trek alpaha","number":"133","numberFrame":"","serverId":"76","state":4,"tarif":{"name":"","sumDay":300,"sumHour":100,"sumTsHour":600}},{"count_rent":28,"idGroup":1,"idParent":20,"model":"stels navigator 610","number":"139","numberFrame":"XL13KO31915","serverId":"77","state":4,"tarif":{"name":"","sumDay":350,"sumHour":50,"sumTsHour":500}},{"count_rent":31,"idGroup":1,"idParent":20,"model":"stels navigator 610","number":"142","numberFrame":"XL13KO036921","serverId":"79","state":4,"tarif":{"name":"","sumDay":350,"sumHour":50,"sumTsHour":500}},{"count_rent":126,"idGroup":1,"idParent":20,"model":"stels navigator 610","number":"143","numberFrame":"XL13KO37168","serverId":"80","state":4,"tarif":{"name":"","sumDay":150,"sumHour":50,"sumTsHour":350}},{"count_rent":24,"idGroup":1,"idParent":20,"model":"stels navigator 610","number":"144","numberFrame":"XL13KO36712","serverId":"81","state":4,"tarif":{"name":"","sumDay":300,"sumHour":100,"sumTsHour":500}},{"count_rent":17,"idGroup":1,"idParent":20,"model":"next","number":"156","numberFrame":"A36970","serverId":"82","state":4,"tarif":{"name":"","sumDay":350,"sumHour":100,"sumTsHour":600}},{"count_rent":24,"idGroup":1,"idParent":20,"model":"MBK","number":"164","numberFrame":"wkm626914a","serverId":"83","state":4,"tarif":{"name":"","sumDay":300,"sumHour":100,"sumTsHour":500}},{"count_rent":0,"idGroup":1,"idParent":20,"model":"\u0422\u043e\u0440\u043d\u0430\u0434\u043e\u0424","number":"106","numberFrame":"","serverId":"84","state":4,"tarif":{"name":"","sumDay":350,"sumHour":100,"sumTsHour":600}},{"count_rent":0,"idGroup":1,"idParent":20,"model":"\u041f\u0435\u0433\u0430\u0441 ","number":"107","numberFrame":" JS0710047","serverId":"85","state":4,"tarif":{"name":"","sumDay":350,"sumHour":100,"sumTsHour":600}},{"count_rent":2,"idGroup":1,"idParent":20,"model":"\u0434\u0435\u0442\u0441\u043a. \u043a\u0440\u0430\u0441","number":"128","numberFrame":"","serverId":"86","state":4,"tarif":{"name":"","sumDay":600,"sumHour":150,"sumTsHour":800}},{"count_rent":0,"idGroup":1,"idParent":20,"model":"MBK","number":"164","numberFrame":"wkm626914a","serverId":"87","state":4,"tarif":{"name":"","sumDay":350,"sumHour":50,"sumTsHour":500}},{"count_rent":0,"idGroup":1,"idParent":20,"model":"Scott YZ3","number":"102","numberFrame":"TY4131608","serverId":"88","state":4,"tarif":{"name":"","sumDay":350,"sumHour":100,"sumTsHour":600}},{"count_rent":524,"idGroup":1,"idParent":20,"model":"stels navigator 610","number":"100","numberFrame":"XL13L057482","serverId":"89","state":4,"tarif":{"name":"","sumDay":600,"sumHour":150,"sumTsHour":800}},{"count_rent":19,"idGroup":1,"idParent":20,"model":"Sibvelz","number":"20","numberFrame":"pl1105035336","serverId":"90","state":4,"tarif":{"name":"","sumDay":150,"sumHour":50,"sumTsHour":350}},{"count_rent":430,"idGroup":1,"idParent":20,"model":"stels navigator 500","number":"43","numberFrame":"xl 11 0032956","serverId":"91","state":4,"tarif":{"name":"","sumDay":600,"sumHour":150,"sumTsHour":800}},{"count_rent":262,"idGroup":1,"idParent":20,"model":"stels navigator 500","number":"48","numberFrame":"xl 10l053873","serverId":"92","state":4,"tarif":{"name":"","sumDay":300,"sumHour":100,"sumTsHour":500}},{"count_rent":0,"idGroup":1,"idParent":20,"model":"viper evolution 100","number":"74","numberFrame":"at60301748","serverId":"93","state":4,"tarif":{"name":"","sumDay":600,"sumHour":150,"sumTsHour":800}},{"count_rent":15,"idGroup":1,"idParent":20,"model":"nordway uptown","number":"62","numberFrame":"k60739886","serverId":"94","state":4,"tarif":{"name":"","sumDay":150,"sumHour":50,"sumTsHour":350}},{"count_rent":323,"idGroup":1,"idParent":20,"model":"element active","number":"66","numberFrame":"RA811031A","serverId":"95","state":4,"tarif":{"name":"","sumDay":350,"sumHour":50,"sumTsHour":500}},{"count_rent":417,"idGroup":1,"idParent":20,"model":"stels navigator 610","number":"95","numberFrame":"XL13L056761","serverId":"96","state":4,"tarif":{"name":"","sumDay":300,"sumHour":50,"sumTsHour":500}},{"count_rent":76,"idGroup":1,"idParent":20,"model":"kross hexagon x4","number":"69","numberFrame":"y2ao2909","serverId":"97","state":4,"tarif":{"name":"","sumDay":300,"sumHour":100,"sumTsHour":600}},{"count_rent":306,"idGroup":1,"idParent":20,"model":"merida matts TFS100","number":"70","numberFrame":"wc339706h","serverId":"98","state":4,"tarif":{"name":"","sumDay":700,"sumHour":250,"sumTsHour":1000}},{"count_rent":278,"idGroup":1,"idParent":20,"model":"stels navigator 500","number":"44","numberFrame":"xl 11c032536","serverId":"99","state":4,"tarif":{"name":"","sumDay":300,"sumHour":50,"sumTsHour":500}},{"count_rent":79,"idGroup":1,"idParent":20,"model":"Scott boulder","number":"77","numberFrame":"gc493383","serverId":"100","state":4,"tarif":{"name":"","sumDay":350,"sumHour":50,"sumTsHour":500}},{"count_rent":178,"idGroup":1,"idParent":20,"model":"Giant Boulder 3 Woma","number":"80","numberFrame":"po8j0886","serverId":"101","state":4,"tarif":{"name":"","sumDay":300,"sumHour":100,"sumTsHour":600}},{"count_rent":209,"idGroup":1,"idParent":20,"model":"stels navigator 850","number":"40","numberFrame":"xl12s086867","serverId":"102","state":4,"tarif":{"name":"","sumDay":150,"sumHour":50,"sumTsHour":350}},{"count_rent":74,"idGroup":1,"idParent":20,"model":"Schwinn Streamliner ","number":"110","numberFrame":"","serverId":"103","state":4,"tarif":{"name":"","sumDay":300,"sumHour":100,"sumTsHour":500}},{"count_rent":23,"idGroup":1,"idParent":20,"model":"Schwinn Streamliner ","number":"111","numberFrame":"","serverId":"104","state":4,"tarif":{"name":"","sumDay":350,"sumHour":120,"sumTsHour":600}},{"count_rent":1,"idGroup":1,"idParent":20,"model":"Schwinn Streamliner ","number":"112","numberFrame":"","serverId":"105","state":4,"tarif":{"name":"","sumDay":300,"sumHour":100,"sumTsHour":500}},{"count_rent":43,"idGroup":1,"idParent":20,"model":"Schwinn Streamliner ","number":"113","numberFrame":"","serverId":"106","state":4,"tarif":{"name":"","sumDay":300,"sumHour":100,"sumTsHour":600}},{"count_rent":90,"idGroup":1,"idParent":20,"model":"Schwinn Streamliner ","number":"114","numberFrame":"","serverId":"107","state":4,"tarif":{"name":"","sumDay":350,"sumHour":50,"sumTsHour":500}},{"count_rent":76,"idGroup":1,"idParent":20,"model":"Schwinn Streamliner ","number":"115","numberFrame":"","serverId":"108","state":4,"tarif":{"name":"","sumDay":300,"sumHour":100,"sumTsHour":500}},{"count_rent":44,"idGroup":1,"idParent":20,"model":"Schwinn Streamliner ","number":"116","numberFrame":"","serverId":"109","state":4,"tarif":{"name":"","sumDay":500,"sumHour":100,"sumTsHour":700}},{"count_rent":33,"idGroup":1,"idParent":20,"model":"Schwinn Streamliner ","number":"117","numberFrame":"","serverId":"110","state":4,"tarif":{"name":"","sumDay":300,"sumHour":100,"sumTsHour":500}},{"count_rent":37,"idGroup":1,"idParent":20,"model":"Schwinn Streamliner ","number":"118","numberFrame":"","serverId":"111","state":4,"tarif":{"name":"","sumDay":350,"sumHour":50,"sumTsHour":500}},{"count_rent":94,"idGroup":1,"idParent":20,"model":"Schwinn Streamliner ","number":"119","numberFrame":"","serverId":"112","state":4,"tarif":{"name":"","sumDay":500,"sumHour":100,"sumTsHour":700}},{"count_rent":299,"idGroup":1,"idParent":20,"model":"stels navigator 610","number":"141","numberFrame":"XL13KO36964","serverId":"113","state":4,"tarif":{"name":"","sumDay":300,"sumHour":100,"sumTsHour":500}},{"count_rent":57,"idGroup":1,"idParent":20,"model":"","number":"188","numberFrame":"IK34155515","serverId":"114","state":4,"tarif":{"name":"","sumDay":300,"sumHour":50,"sumTsHour":500}},{"count_rent":5,"idGroup":1,"idParent":20,"model":"del sol ","number":"158","numberFrame":" XDS1420802","serverId":"115","state":4,"tarif":{"name":"","sumDay":300,"sumHour":100,"sumTsHour":500}},{"count_rent":80,"idGroup":1,"idParent":20,"model":"","number":"181","numberFrame":"","serverId":"116","state":4,"tarif":{"name":"","sumDay":700,"sumHour":250,"sumTsHour":1000}},{"count_rent":0,"idGroup":1,"idParent":20,"model":"stels navigator 500","number":"44","numberFrame":"xl 11c032536","serverId":"117","state":4,"tarif":{"name":"","sumDay":600,"sumHour":150,"sumTsHour":800}},{"count_rent":808,"idGroup":1,"idParent":20,"model":"Stern Maya","number":"88","numberFrame":"V795859","serverId":"118","state":4,"tarif":{"name":"","sumDay":800,"sumHour":300,"sumTsHour":1200}},{"count_rent":1,"idGroup":1,"idParent":20,"model":"","number":"155","numberFrame":"","serverId":"398","state":4,"tarif":{"name":"","sumDay":300,"sumHour":100,"sumTsHour":600}},{"count_rent":304,"idGroup":1,"idParent":20,"model":"Scott YZ3","number":"78","numberFrame":"ty 4134089","serverId":"399","state":4,"tarif":{"name":"","sumDay":300,"sumHour":50,"sumTsHour":500}},{"count_rent":23,"idGroup":1,"idParent":20,"model":"stels navigator 610","number":"140","numberFrame":"XL13KO31414","serverId":"78","state":1,"tarif":{"name":"","sumDay":350,"sumHour":50,"sumTsHour":500}},{"count_rent":0,"idGroup":1,"idParent":21,"model":"\u043f\u0430\u043b\u0430\u0442\u043a\u0430","number":"","numberFrame":"","serverId":"400","state":4,"tarif":{"name":"","sumDay":350,"sumHour":50,"sumTsHour":500}},{"count_rent":0,"idGroup":1,"idParent":21,"model":"\u043f\u0430\u043b\u0430\u0442\u043a\u0430","number":"","numberFrame":"","serverId":"401","state":4,"tarif":{"name":"","sumDay":300,"sumHour":100,"sumTsHour":600}},{"count_rent":0,"idGroup":1,"idParent":21,"model":"\u043f\u0430\u043b\u0430\u0442\u043a\u0430","number":"","numberFrame":"","serverId":"402","state":4,"tarif":{"name":"","sumDay":500,"sumHour":100,"sumTsHour":700}},{"count_rent":0,"idGroup":1,"idParent":21,"model":"\u043f\u0430\u043b\u0430\u0442\u043a\u0430","number":"","numberFrame":"","serverId":"403","state":4,"tarif":{"name":"Gopro 3+","sumDay":300,"sumHour":100,"sumTsHour":500}},{"count_rent":0,"idGroup":1,"idParent":21,"model":"\u043f\u0430\u043b\u0430\u0442\u043a\u0430","number":"","numberFrame":"","serverId":"404","state":4,"tarif":{"name":"","sumDay":350,"sumHour":50,"sumTsHour":500}},{"count_rent":0,"idGroup":1,"idParent":21,"model":"","number":"","numberFrame":"","serverId":"405","state":4,"tarif":{"name":"","sumDay":350,"sumHour":50,"sumTsHour":500}},{"count_rent":0,"idGroup":1,"idParent":21,"model":"\u0444\u043e\u043d\u0430\u0440\u0438\u043a White","number":"1601","numberFrame":"","serverId":"406","state":4,"tarif":{"name":"","sumDay":300,"sumHour":100,"sumTsHour":600}},{"count_rent":0,"idGroup":1,"idParent":21,"model":"\u0444\u043e\u043d\u0430\u0440\u0438\u043a White","number":"1602","numberFrame":"","serverId":"407","state":4,"tarif":{"name":"","sumDay":350,"sumHour":50,"sumTsHour":500}},{"count_rent":0,"idGroup":1,"idParent":21,"model":"\u0444\u043e\u043d\u0430\u0440\u0438\u043a White","number":"1603","numberFrame":"","serverId":"408","state":4,"tarif":{"name":"","sumDay":350,"sumHour":120,"sumTsHour":600}},{"count_rent":0,"idGroup":1,"idParent":21,"model":"\u0444\u043e\u043d\u0430\u0440\u0438\u043a White","number":"1604","numberFrame":"","serverId":"409","state":4,"tarif":{"name":"","sumDay":150,"sumHour":50,"sumTsHour":350}},{"count_rent":0,"idGroup":1,"idParent":21,"model":"\u0444\u043e\u043d\u0430\u0440\u0438\u043a White","number":"1605","numberFrame":"","serverId":"410","state":4,"tarif":{"name":"","sumDay":300,"sumHour":100,"sumTsHour":500}},{"count_rent":0,"idGroup":1,"idParent":21,"model":"\u0444\u043e\u043d\u0430\u0440\u0438\u043a White","number":"1606","numberFrame":"","serverId":"411","state":4,"tarif":{"name":"","sumDay":350,"sumHour":100,"sumTsHour":600}},{"count_rent":0,"idGroup":1,"idParent":21,"model":"\u0444\u043e\u043d\u0430\u0440\u0438\u043a White","number":"1607","numberFrame":"","serverId":"412","state":4,"tarif":{"name":"","sumDay":300,"sumHour":100,"sumTsHour":500}}]}]