[{"admin":{"name":"Dmitry","email":null,"login":"dlog","pass":"dpass"},"point":{"title":null,"address":null},"shiftData":0,"serverId":"93","0":[{"tarif":{"sumDay":600,"sumHour":150,"sumTsHour":800},"idGroup":1,"idParent":1,"model":"Sibvelz","number":"13","numberFrame":"tj0920251","points":{"address":"\u0433\u0440\u0435\u0431\u043d\u043e\u0439 1","serverId":"3","title":"\u0433\u0440\u0435\u0431\u043d\u043e\u0439"},"serverId":"131","state":4,"countRents":0},{"tarif":{"sumDay":350,"sumHour":50,"sumTsHour":500},"idGroup":1,"idParent":1,"model":"Sibvelz","number":"17","numberFrame":"pl1105035398","points":{"address":"\u0433\u0440\u0435\u0431\u043d\u043e\u0439 1","serverId":"3","title":"\u0433\u0440\u0435\u0431\u043d\u043e\u0439"},"serverId":"135","state":4,"countRents":0},{"tarif":{"name":"","sumDay":300,"sumHour":100,"sumTsHour":600},"idGroup":1,"idParent":1,"model":"Sibvelz","number":"18","numberFrame":"tj0920247","points":{"address":"\u0433\u0440\u0435\u0431\u043d\u043e\u0439 1","serverId":"3","title":"\u0433\u0440\u0435\u0431\u043d\u043e\u0439"},"serverId":"136","state":4,"countRents":0},{"tarif":{"sumDay":600,"sumHour":150,"sumTsHour":800},"idGroup":1,"idParent":1,"model":"Sibvelz","number":"19","numberFrame":"pl1105035297","points":{"address":"\u0433\u0440\u0435\u0431\u043d\u043e\u0439 1","serverId":"3","title":"\u0433\u0440\u0435\u0431\u043d\u043e\u0439"},"serverId":"137","state":4,"countRents":0},{"tarif":{"sumDay":500,"sumHour":100,"sumTsHour":700},"idGroup":1,"idParent":1,"model":"Sibvelz","number":"21","numberFrame":"pl1105035477","points":{"address":"\u0433\u0440\u0435\u0431\u043d\u043e\u0439 1","serverId":"3","title":"\u0433\u0440\u0435\u0431\u043d\u043e\u0439"},"serverId":"138","state":4,"countRents":0},{"tarif":{"sumDay":100,"sumHour":100,"sumTsHour":120},"idGroup":1,"idParent":1,"model":"Trek Drift Surf","number":"27","numberFrame":"007c0085d","points":{"address":"\u0433\u0440\u0435\u0431\u043d\u043e\u0439 1","serverId":"3","title":"\u0433\u0440\u0435\u0431\u043d\u043e\u0439"},"serverId":"144","state":4,"countRents":0},{"tarif":{"name":"","sumDay":300,"sumHour":100,"sumTsHour":500},"idGroup":1,"idParent":1,"model":"stels navigator 500","number":"47","numberFrame":"xl11c032877","points":{"address":"\u0433\u0440\u0435\u0431\u043d\u043e\u0439 1","serverId":"3","title":"\u0433\u0440\u0435\u0431\u043d\u043e\u0439"},"serverId":"158","state":4,"countRents":0},{"tarif":{"sumDay":500,"sumHour":100,"sumTsHour":700},"idGroup":1,"idParent":1,"model":"stels navigator 500","number":"49","numberFrame":"xl 1o035312","points":{"address":"\u0433\u0440\u0435\u0431\u043d\u043e\u0439 1","serverId":"3","title":"\u0433\u0440\u0435\u0431\u043d\u043e\u0439"},"serverId":"159","state":4,"countRents":0},{"tarif":{"name":"","sumDay":300,"sumHour":100,"sumTsHour":600},"idGroup":1,"idParent":1,"model":"stels navigator 500","number":"50","numberFrame":"WOLP53865","points":{"address":"\u0433\u0440\u0435\u0431\u043d\u043e\u0439 1","serverId":"3","title":"\u0433\u0440\u0435\u0431\u043d\u043e\u0439"},"serverId":"160","state":4,"countRents":0},{"tarif":{"sumDay":350,"sumHour":50,"sumTsHour":500},"idGroup":1,"idParent":1,"model":"stels navigator 310","number":"54","numberFrame":"kl 11l006439","points":{"address":"\u0433\u0440\u0435\u0431\u043d\u043e\u0439 1","serverId":"3","title":"\u0433\u0440\u0435\u0431\u043d\u043e\u0439"},"serverId":"163","state":4,"countRents":0},{"tarif":{"sumDay":350,"sumHour":50,"sumTsHour":500},"idGroup":1,"idParent":1,"model":"nordway cascade","number":"59","numberFrame":"8841206720","points":{"address":"\u0433\u0440\u0435\u0431\u043d\u043e\u0439 1","serverId":"3","title":"\u0433\u0440\u0435\u0431\u043d\u043e\u0439"},"serverId":"168","state":4,"countRents":0},{"tarif":{"name":"","sumDay":300,"sumHour":100,"sumTsHour":500},"idGroup":1,"idParent":1,"model":"nordway gt70","number":"60","numberFrame":"yhy2021793","points":{"address":"\u0433\u0440\u0435\u0431\u043d\u043e\u0439 1","serverId":"3","title":"\u0433\u0440\u0435\u0431\u043d\u043e\u0439"},"serverId":"169","state":4,"countRents":0},{"tarif":{"name":"","sumDay":300,"sumHour":100,"sumTsHour":500},"idGroup":1,"idParent":1,"model":"nordway active","number":"61","numberFrame":"at81122332","points":{"address":"\u0433\u0440\u0435\u0431\u043d\u043e\u0439 1","serverId":"3","title":"\u0433\u0440\u0435\u0431\u043d\u043e\u0439"},"serverId":"170","state":4,"countRents":0},{"tarif":{"sumDay":150,"sumHour":50,"sumTsHour":350},"idGroup":1,"idParent":1,"model":"stern dynamik 1.0","number":"64","numberFrame":"v897253","points":{"address":"\u0433\u0440\u0435\u0431\u043d\u043e\u0439 1","serverId":"3","title":"\u0433\u0440\u0435\u0431\u043d\u043e\u0439"},"serverId":"172","state":4,"countRents":0},{"tarif":{"sumDay":350,"sumHour":50,"sumTsHour":500},"idGroup":1,"idParent":1,"model":"stern dynamik 2.0","number":"65","numberFrame":"v391580","points":{"address":"\u0433\u0440\u0435\u0431\u043d\u043e\u0439 1","serverId":"3","title":"\u0433\u0440\u0435\u0431\u043d\u043e\u0439"},"serverId":"173","state":4,"countRents":0},{"tarif":{"sumDay":350,"sumHour":50,"sumTsHour":500},"idGroup":1,"idParent":1,"model":"kross trans siberian","number":"68","numberFrame":"ly2c031154","points":{"address":"\u0433\u0440\u0435\u0431\u043d\u043e\u0439 1","serverId":"3","title":"\u0433\u0440\u0435\u0431\u043d\u043e\u0439"},"serverId":"175","state":4,"countRents":0},{"tarif":{"name":"","sumDay":300,"sumHour":100,"sumTsHour":600},"idGroup":1,"idParent":1,"model":"haro flightline","number":"73","numberFrame":"k9kb002484","points":{"address":"\u0433\u0440\u0435\u0431\u043d\u043e\u0439 1","serverId":"3","title":"\u0433\u0440\u0435\u0431\u043d\u043e\u0439"},"serverId":"178","state":4,"countRents":0},{"tarif":{"sumDay":600,"sumHour":150,"sumTsHour":800},"idGroup":1,"idParent":1,"model":"nordway cascade","number":"79","numberFrame":"SF31263800","points":{"address":"\u0433\u0440\u0435\u0431\u043d\u043e\u0439 1","serverId":"3","title":"\u0433\u0440\u0435\u0431\u043d\u043e\u0439"},"serverId":"181","state":4,"countRents":0},{"tarif":{"sumDay":300,"sumHour":50,"sumTsHour":500},"idGroup":1,"idParent":1,"model":"Skystyle Woman","number":"81","numberFrame":"u5048030","points":{"address":"\u0433\u0440\u0435\u0431\u043d\u043e\u0439 1","serverId":"3","title":"\u0433\u0440\u0435\u0431\u043d\u043e\u0439"},"serverId":"182","state":4,"countRents":0},{"tarif":{"sumDay":350,"sumHour":100,"sumTsHour":600},"idGroup":1,"idParent":1,"model":"Murray","number":"82","numberFrame":"1102109","points":{"address":"\u0433\u0440\u0435\u0431\u043d\u043e\u0439 1","serverId":"3","title":"\u0433\u0440\u0435\u0431\u043d\u043e\u0439"},"serverId":"183","state":4,"countRents":0},{"tarif":{"sumDay":300,"sumHour":50,"sumTsHour":500},"idGroup":1,"idParent":1,"model":"Trek 3700","number":"87","numberFrame":"TBI-0406 CB3D0395","points":{"address":"\u0433\u0440\u0435\u0431\u043d\u043e\u0439 1","serverId":"3","title":"\u0433\u0440\u0435\u0431\u043d\u043e\u0439"},"serverId":"186","state":4,"countRents":0},{"tarif":{"name":"","sumDay":300,"sumHour":100,"sumTsHour":500},"idGroup":1,"idParent":1,"model":"stels navigator 610","number":"99","numberFrame":"XL13L051928","points":{"address":"\u0433\u0440\u0435\u0431\u043d\u043e\u0439 1","serverId":"3","title":"\u0433\u0440\u0435\u0431\u043d\u043e\u0439"},"serverId":"195","state":4,"countRents":0},{"tarif":{"sumDay":350,"sumHour":50,"sumTsHour":500},"idGroup":1,"idParent":1,"model":"nordway uptown red","number":"103","numberFrame":"K60738237","points":{"address":"\u0433\u0440\u0435\u0431\u043d\u043e\u0439 1","serverId":"3","title":"\u0433\u0440\u0435\u0431\u043d\u043e\u0439"},"serverId":"196","state":4,"countRents":0},{"tarif":{"sumDay":600,"sumHour":150,"sumTsHour":800},"idGroup":1,"idParent":1,"model":"stels navigator 610","number":"135","numberFrame":"XL13J066336","points":{"address":"\u0433\u0440\u0435\u0431\u043d\u043e\u0439 1","serverId":"3","title":"\u0433\u0440\u0435\u0431\u043d\u043e\u0439"},"serverId":"222","state":4,"countRents":0},{"tarif":{"sumDay":350,"sumHour":50,"sumTsHour":500},"idGroup":1,"idParent":1,"model":"stels miss 6000","number":"145","numberFrame":"XL13KO8788","points":{"address":"\u0433\u0440\u0435\u0431\u043d\u043e\u0439 1","serverId":"3","title":"\u0433\u0440\u0435\u0431\u043d\u043e\u0439"},"serverId":"226","state":4,"countRents":0},{"tarif":{"sumDay":300,"sumHour":50,"sumTsHour":500},"idGroup":1,"idParent":1,"model":"Trek Mystic \u0433\u043e\u043b\u0443\u0431\u043e\u0439 ","number":"150","numberFrame":"WTU284P0386C","points":{"address":"\u0433\u0440\u0435\u0431\u043d\u043e\u0439 1","serverId":"3","title":"\u0433\u0440\u0435\u0431\u043d\u043e\u0439"},"serverId":"231","state":4,"countRents":0},{"tarif":{"name":"","sumDay":300,"sumHour":100,"sumTsHour":600},"idGroup":1,"idParent":1,"model":"Stels Navigator 340","number":"168","numberFrame":"XL13I029773","points":{"address":"\u0433\u0440\u0435\u0431\u043d\u043e\u0439 1","serverId":"3","title":"\u0433\u0440\u0435\u0431\u043d\u043e\u0439"},"serverId":"245","state":4,"countRents":0},{"tarif":{"sumDay":150,"sumHour":50,"sumTsHour":350},"idGroup":1,"idParent":3,"model":"(\u043a\u0440)\u043a\u0440\u0430\u0441\u043d\u043e-\u0431\u0435\u043b\u044b\u0435 \u0434\u0435\u0442","number":"620","points":{"address":"\u0433\u0440\u0435\u0431\u043d\u043e\u0439 1","serverId":"3","title":"\u0433\u0440\u0435\u0431\u043d\u043e\u0439"},"serverId":"288","state":4,"countRents":0},{"tarif":{"sumDay":300,"sumHour":50,"sumTsHour":500},"idGroup":1,"idParent":3,"model":"oxelo \u0444\u0438\u043e\u043b\u0435\u0442\u043e\u0432\u044b\u0435","number":"608","numberFrame":"35-38","points":{"address":"\u0433\u0440\u0435\u0431\u043d\u043e\u0439 1","serverId":"3","title":"\u0433\u0440\u0435\u0431\u043d\u043e\u0439"},"serverId":"289","state":4,"countRents":0},{"tarif":{"sumDay":350,"sumHour":100,"sumTsHour":600},"idGroup":1,"idParent":3,"model":"oxelo \u0447\u0435\u0440\u043d\u043e-\u0431\u0435\u043b\u044b\u0435","number":"609","numberFrame":"38","points":{"address":"\u0433\u0440\u0435\u0431\u043d\u043e\u0439 1","serverId":"3","title":"\u0433\u0440\u0435\u0431\u043d\u043e\u0439"},"serverId":"290","state":4,"countRents":0},{"tarif":{"sumDay":350,"sumHour":50,"sumTsHour":500},"idGroup":1,"idParent":3,"model":"oxelo \u0447\u0435\u0440\u043d\u043e-\u0440\u043e\u0437\u043e\u0432\u044b\u0435","number":"610","numberFrame":"41","points":{"address":"\u0433\u0440\u0435\u0431\u043d\u043e\u0439 1","serverId":"3","title":"\u0433\u0440\u0435\u0431\u043d\u043e\u0439"},"serverId":"291","state":4,"countRents":0},{"tarif":{"sumDay":100,"sumHour":100,"sumTsHour":120},"idGroup":1,"idParent":3,"model":"sport collection \u0441\u0438\u043d","number":"615","numberFrame":"44","points":{"address":"\u0433\u0440\u0435\u0431\u043d\u043e\u0439 1","serverId":"3","title":"\u0433\u0440\u0435\u0431\u043d\u043e\u0439"},"serverId":"292","state":4,"countRents":0},{"tarif":{"name":"","sumDay":300,"sumHour":100,"sumTsHour":600},"idGroup":1,"idParent":3,"model":"max city 40-43\u0440 \u0436\u0435\u043b\u0442","number":"616","numberFrame":"43","points":{"address":"\u0433\u0440\u0435\u0431\u043d\u043e\u0439 1","serverId":"3","title":"\u0433\u0440\u0435\u0431\u043d\u043e\u0439"},"serverId":"293","state":4,"countRents":0},{"tarif":{"name":"","sumDay":300,"sumHour":100,"sumTsHour":500},"idGroup":1,"idParent":3,"model":"max city \u0436\u0435\u043b\u0442\u043e-\u0431\u0435\u043b\u044b\u0435","number":"617","numberFrame":"35-38","points":{"address":"\u0433\u0440\u0435\u0431\u043d\u043e\u0439 1","serverId":"3","title":"\u0433\u0440\u0435\u0431\u043d\u043e\u0439"},"serverId":"294","state":4,"countRents":0},{"tarif":{"sumDay":350,"sumHour":50,"sumTsHour":500},"idGroup":1,"idParent":3,"model":"38-41\u0441\u0438\u043d\u0435-\u0431\u0435\u043b\u044b\u0435 max ","number":"618","numberFrame":"38-41","points":{"address":"\u0433\u0440\u0435\u0431\u043d\u043e\u0439 1","serverId":"3","title":"\u0433\u0440\u0435\u0431\u043d\u043e\u0439"},"serverId":"295","state":3,"countRents":0},{"tarif":{"sumDay":500,"sumHour":100,"sumTsHour":700},"idGroup":1,"idParent":13,"model":"\u0441\u043f\u0430\u043b\u044c\u043d\u044b\u0439 \u043c\u0435\u0448\u043e\u043a","points":{"address":"\u0433\u0440\u0435\u0431\u043d\u043e\u0439 1","serverId":"3","title":"\u0433\u0440\u0435\u0431\u043d\u043e\u0439"},"serverId":"345","state":4,"countRents":0},{"tarif":{"sumDay":350,"sumHour":50,"sumTsHour":500},"idGroup":1,"idParent":13,"model":"\u0441\u043f\u0430\u043b\u044c\u043d\u044b\u0439 \u043c\u0435\u0448\u043e\u043a ","points":{"address":"\u0433\u0440\u0435\u0431\u043d\u043e\u0439 1","serverId":"3","title":"\u0433\u0440\u0435\u0431\u043d\u043e\u0439"},"serverId":"346","state":4,"countRents":0},{"tarif":{"sumDay":500,"sumHour":100,"sumTsHour":700},"idGroup":1,"idParent":16,"model":"\u041a\u0440\u0435\u0441\u043b\u043e \u0434\u0435\u0442\u0441\u043a\u043e\u0435","number":"702","points":{"address":"\u0433\u0440\u0435\u0431\u043d\u043e\u0439 1","serverId":"3","title":"\u0433\u0440\u0435\u0431\u043d\u043e\u0439"},"serverId":"356","state":4,"countRents":0}]}]