[{"shiftData":0,"serverId":"667","point":{"title":null,"address":null},"0":[{"idGroup":1,"idParent":0,"model":"","number":"0","numberFrame":"","serverId":"1","state":4,"count_rent":0},{"idGroup":1,"idParent":0,"model":"","number":"1","numberFrame":"","serverId":"2","state":4,"count_rent":0},{"idGroup":1,"idParent":0,"model":"","number":"2","numberFrame":"","serverId":"3","state":4,"count_rent":0},{"idGroup":1,"idParent":0,"model":"","number":"3","numberFrame":"","serverId":"4","state":4,"count_rent":0},{"idGroup":1,"idParent":0,"model":"","number":"4","numberFrame":"","serverId":"5","state":4,"count_rent":0},{"idGroup":1,"idParent":0,"model":"","number":"5","numberFrame":"","serverId":"6","state":4,"count_rent":0},{"idGroup":1,"idParent":0,"model":"","number":"6","numberFrame":"","serverId":"7","state":4,"count_rent":0},{"idGroup":1,"idParent":0,"model":"","number":"7","numberFrame":"","serverId":"8","state":4,"count_rent":0},{"idGroup":1,"idParent":0,"model":"","number":"8","numberFrame":"","serverId":"9","state":4,"count_rent":0},{"idGroup":1,"idParent":0,"model":"","number":"9","numberFrame":"","serverId":"10","state":4,"count_rent":0},{"idGroup":1,"idParent":0,"model":"","number":"10","numberFrame":"","serverId":"11","state":4,"count_rent":0},{"idGroup":1,"idParent":0,"model":"","number":"11","numberFrame":"","serverId":"12","state":4,"count_rent":0},{"idGroup":1,"idParent":0,"model":"","number":"12","numberFrame":"","serverId":"13","state":4,"count_rent":0},{"idGroup":1,"idParent":0,"model":"","number":"13","numberFrame":"","serverId":"14","state":4,"count_rent":0},{"idGroup":1,"idParent":0,"model":"","number":"14","numberFrame":"","serverId":"15","state":4,"count_rent":0},{"idGroup":1,"idParent":0,"model":"","number":"15","numberFrame":"","serverId":"16","state":4,"count_rent":0},{"idGroup":1,"idParent":0,"model":"","number":"16","numberFrame":"","serverId":"17","state":4,"count_rent":0},{"idGroup":1,"idParent":0,"model":"","number":"17","numberFrame":"","serverId":"18","state":4,"count_rent":0},{"idGroup":1,"idParent":0,"model":"","number":"18","numberFrame":"","serverId":"19","state":4,"count_rent":0},{"idGroup":1,"idParent":0,"model":"","number":"19","numberFrame":"","serverId":"20","state":4,"count_rent":0},{"idGroup":1,"idParent":0,"model":"","number":"20","numberFrame":"","serverId":"21","state":4,"count_rent":0},{"tarif":{"name":"Gopro 3+","sumDay":300,"sumHour":100,"sumTsHour":500},"idGroup":1,"idParent":0,"model":"7","number":"29","numberFrame":"","serverId":"30","state":4,"count_rent":0},{"tarif":{"name":"","sumDay":600,"sumHour":150,"sumTsHour":800},"idGroup":1,"idParent":0,"model":"9","number":"30","numberFrame":"","serverId":"31","state":4,"count_rent":0},{"tarif":{"name":"","sumDay":350,"sumHour":50,"sumTsHour":500},"idGroup":1,"idParent":0,"model":"10","number":"31","numberFrame":"","serverId":"32","state":4,"count_rent":0},{"tarif":{"name":"","sumDay":350,"sumHour":50,"sumTsHour":500},"idGroup":1,"idParent":0,"model":"10","number":"32","numberFrame":"","serverId":"33","state":4,"count_rent":0},{"tarif":{"name":"","sumDay":300,"sumHour":50,"sumTsHour":500},"idGroup":1,"idParent":0,"model":"12","number":"33","numberFrame":"","serverId":"34","state":4,"count_rent":0},{"tarif":{"name":"","sumDay":300,"sumHour":100,"sumTsHour":600},"idGroup":1,"idParent":0,"model":"14","number":"34","numberFrame":"","serverId":"35","state":4,"count_rent":0},{"tarif":{"name":"","sumDay":300,"sumHour":100,"sumTsHour":500},"idGroup":1,"idParent":0,"model":"17","number":"35","numberFrame":"","serverId":"36","state":4,"count_rent":0},{"tarif":{"name":"","sumDay":1000,"sumHour":300,"sumTsHour":1500},"idGroup":1,"idParent":0,"model":"18","number":"36","numberFrame":"","serverId":"37","state":4,"count_rent":0},{"tarif":{"name":"","sumDay":300,"sumHour":100,"sumTsHour":500},"idGroup":1,"idParent":0,"model":"20","number":"37","numberFrame":"","serverId":"38","state":4,"count_rent":0},{"tarif":{"name":"","sumDay":700,"sumHour":250,"sumTsHour":1000},"idGroup":1,"idParent":0,"model":"2","number":"65","numberFrame":"","serverId":"66","state":4,"count_rent":0},{"tarif":{"name":"","sumDay":350,"sumHour":100,"sumTsHour":600},"idGroup":1,"idParent":1,"model":"Schwinn Corvette ","number":"118","numberFrame":"snmng11m87416","serverId":"119","state":4,"count_rent":321},{"tarif":{"name":"","sumDay":350,"sumHour":50,"sumTsHour":500},"idGroup":1,"idParent":1,"model":"Schwinn Corvette ","number":"119","numberFrame":"snmng11m87447","serverId":"120","state":4,"count_rent":190},{"tarif":{"name":"","sumDay":300,"sumHour":50,"sumTsHour":500},"idGroup":1,"idParent":1,"model":"Schwinn Tango Tandem","number":"120","numberFrame":"cm13a503287","serverId":"121","state":4,"count_rent":45},{"tarif":{"name":"","sumDay":350,"sumHour":50,"sumTsHour":500},"idGroup":1,"idParent":1,"model":"Schwinn Cruiser One","number":"121","numberFrame":"ibdfsd12k5520","serverId":"122","state":4,"count_rent":219},{"tarif":{"name":"","sumDay":350,"sumHour":50,"sumTsHour":500},"idGroup":1,"idParent":1,"model":"Schwinn Cruiser One","number":"122","numberFrame":"ibdfsd12k5552","serverId":"123","state":4,"count_rent":138},{"tarif":{"name":"","sumDay":300,"sumHour":50,"sumTsHour":500},"idGroup":1,"idParent":1,"model":"Schwinn Cruiser One ","number":"123","numberFrame":"ibdfsd12k5957","serverId":"124","state":4,"count_rent":171},{"tarif":{"name":"","sumDay":350,"sumHour":50,"sumTsHour":500},"idGroup":1,"idParent":1,"model":"Schwinn Cruiser One ","number":"124","numberFrame":"ibdfsd12k5824","serverId":"125","state":4,"count_rent":415},{"tarif":{"name":"","sumDay":600,"sumHour":150,"sumTsHour":800},"idGroup":1,"idParent":1,"model":"Schwinn Cruiser One ","number":"125","numberFrame":"ibdfsd12k3416","serverId":"126","state":4,"count_rent":274},{"tarif":{"name":"","sumDay":300,"sumHour":100,"sumTsHour":500},"idGroup":1,"idParent":1,"model":"Schwinn Cruiser One ","number":"126","numberFrame":"ibdfsd12k3406","serverId":"127","state":4,"count_rent":273},{"tarif":{"name":"","sumDay":600,"sumHour":150,"sumTsHour":800},"idGroup":1,"idParent":1,"model":"Giant Single Simple","number":"127","numberFrame":"c12l3778","serverId":"128","state":4,"count_rent":192},{"tarif":{"name":"","sumDay":800,"sumHour":300,"sumTsHour":1200},"idGroup":1,"idParent":1,"model":"Giant Single Simple","number":"128","numberFrame":"c22d0898","serverId":"129","state":4,"count_rent":159},{"tarif":{"name":"","sumDay":100,"sumHour":100,"sumTsHour":120},"idGroup":1,"idParent":1,"model":"Giant Single Simple","number":"129","numberFrame":"c12l3766","serverId":"130","state":1,"count_rent":6},{"tarif":{"name":"","sumDay":600,"sumHour":150,"sumTsHour":800},"idGroup":1,"idParent":1,"model":"Sibvelz","number":"130","numberFrame":"tj0920251","serverId":"131","state":4,"count_rent":24},{"tarif":{"name":"","sumDay":800,"sumHour":300,"sumTsHour":1200},"idGroup":1,"idParent":1,"model":"Sibvelz","number":"131","numberFrame":"tj0920208","serverId":"132","state":4,"count_rent":160},{"tarif":{"name":"","sumDay":300,"sumHour":100,"sumTsHour":500},"idGroup":1,"idParent":1,"model":"Sibvelz","number":"132","numberFrame":"tj0920341","serverId":"133","state":4,"count_rent":72},{"tarif":{"name":"","sumDay":500,"sumHour":100,"sumTsHour":700},"idGroup":1,"idParent":1,"model":"Sibvelz","number":"133","numberFrame":"tj0920066","serverId":"134","state":4,"count_rent":95},{"tarif":{"name":"","sumDay":350,"sumHour":50,"sumTsHour":500},"idGroup":1,"idParent":1,"model":"Sibvelz","number":"134","numberFrame":"pl1105035398","serverId":"135","state":4,"count_rent":59},{"tarif":{"name":"","sumDay":300,"sumHour":100,"sumTsHour":600},"idGroup":1,"idParent":1,"model":"Sibvelz","number":"135","numberFrame":"tj0920247","serverId":"136","state":4,"count_rent":95},{"tarif":{"name":"","sumDay":600,"sumHour":150,"sumTsHour":800},"idGroup":1,"idParent":1,"model":"Sibvelz","number":"136","numberFrame":"pl1105035297","serverId":"137","state":4,"count_rent":61},{"tarif":{"name":"","sumDay":500,"sumHour":100,"sumTsHour":700},"idGroup":1,"idParent":1,"model":"Sibvelz","number":"137","numberFrame":"pl1105035477","serverId":"138","state":4,"count_rent":28},{"tarif":{"name":"","sumDay":300,"sumHour":100,"sumTsHour":600},"idGroup":1,"idParent":1,"model":"Sibvelz","number":"138","numberFrame":"pl1105035582","serverId":"139","state":4,"count_rent":8},{"tarif":{"name":"","sumDay":300,"sumHour":100,"sumTsHour":500},"idGroup":1,"idParent":1,"model":"Sibvelz Woman","number":"139","numberFrame":"tj0909409","serverId":"140","state":4,"count_rent":212},{"tarif":{"name":"","sumDay":500,"sumHour":100,"sumTsHour":700},"idGroup":1,"idParent":1,"model":"Sibvelz Woman","number":"140","numberFrame":"tj0909364","serverId":"141","state":4,"count_rent":93},{"tarif":{"name":"","sumDay":350,"sumHour":50,"sumTsHour":500},"idGroup":1,"idParent":1,"model":"Sibvelz Woman","number":"141","numberFrame":"tj0908365","serverId":"142","state":4,"count_rent":293},{"tarif":{"name":"","sumDay":300,"sumHour":100,"sumTsHour":600},"idGroup":1,"idParent":1,"model":"Sibvelz Woman","number":"142","numberFrame":"tj0907891","serverId":"143","state":4,"count_rent":203},{"tarif":{"name":"","sumDay":100,"sumHour":100,"sumTsHour":120},"idGroup":1,"idParent":1,"model":"Trek Drift Surf","number":"143","numberFrame":"007c0085d","serverId":"144","state":4,"count_rent":83},{"tarif":{"name":"","sumDay":300,"sumHour":50,"sumTsHour":500},"idGroup":1,"idParent":1,"model":"KHS Alite 150","number":"144","numberFrame":"v12d05295","serverId":"145","state":4,"count_rent":324},{"tarif":{"name":"","sumDay":300,"sumHour":100,"sumTsHour":500},"idGroup":1,"idParent":1,"model":"KHS Alite 150","number":"145","numberFrame":"v12d03514","serverId":"146","state":4,"count_rent":233},{"tarif":{"name":"","sumDay":300,"sumHour":100,"sumTsHour":500},"idGroup":1,"idParent":1,"model":"Bergamont vitox 6.3","number":"146","numberFrame":"bgm120919856","serverId":"147","state":4,"count_rent":785},{"tarif":{"name":"","sumDay":300,"sumHour":100,"sumTsHour":500},"idGroup":1,"idParent":1,"model":"Bergamont vitox 6.3","number":"147","numberFrame":"bgm120919859","serverId":"148","state":4,"count_rent":829},{"tarif":{"name":"","sumDay":1000,"sumHour":300,"sumTsHour":1500},"idGroup":1,"idParent":1,"model":"Bergamont vitox 5.3","number":"148","numberFrame":"aa21024362","serverId":"149","state":4,"count_rent":765},{"tarif":{"name":"","sumDay":1000,"sumHour":300,"sumTsHour":1500},"idGroup":1,"idParent":1,"model":"Bergamont vitox 5.3","number":"149","numberFrame":"aa21024416","serverId":"150","state":4,"count_rent":374},{"tarif":{"name":"","sumDay":500,"sumHour":100,"sumTsHour":700},"idGroup":1,"idParent":1,"model":"Bergamont vitox 5.3","number":"150","numberFrame":"aa21024403","serverId":"151","state":4,"count_rent":753},{"tarif":{"name":"","sumDay":350,"sumHour":50,"sumTsHour":500},"idGroup":1,"idParent":1,"model":"Bergamont vitox 5.3","number":"151","numberFrame":"aa26024887","serverId":"152","state":4,"count_rent":707},{"tarif":{"name":"","sumDay":300,"sumHour":100,"sumTsHour":500},"idGroup":1,"idParent":1,"model":"Bergamont vitox 5.3","number":"152","numberFrame":"aa21024350","serverId":"153","state":4,"count_rent":765},{"tarif":{"name":"","sumDay":350,"sumHour":50,"sumTsHour":500},"idGroup":1,"idParent":1,"model":"Bergamont vitox 5.3","number":"153","numberFrame":"aa21024324","serverId":"154","state":4,"count_rent":450},{"tarif":{"name":"","sumDay":600,"sumHour":150,"sumTsHour":800},"idGroup":1,"idParent":1,"model":"stels pilot 720","number":"154","numberFrame":"xd71216885","serverId":"155","state":4,"count_rent":201},{"tarif":{"name":"Gopro 3+","sumDay":300,"sumHour":100,"sumTsHour":500},"idGroup":1,"idParent":1,"model":"stels navigator 500","number":"155","numberFrame":"xl 11603224","serverId":"156","state":4,"count_rent":249},{"tarif":{"name":"","sumDay":300,"sumHour":100,"sumTsHour":500},"idGroup":1,"idParent":1,"model":"stels navigator 500","number":"156","numberFrame":"xl 10052844","serverId":"157","state":4,"count_rent":309},{"tarif":{"name":"","sumDay":300,"sumHour":100,"sumTsHour":500},"idGroup":1,"idParent":1,"model":"stels navigator 500","number":"157","numberFrame":"xl11c032877","serverId":"158","state":4,"count_rent":276},{"tarif":{"name":"","sumDay":500,"sumHour":100,"sumTsHour":700},"idGroup":1,"idParent":1,"model":"stels navigator 500","number":"158","numberFrame":"xl 1o035312","serverId":"159","state":4,"count_rent":91},{"tarif":{"name":"","sumDay":300,"sumHour":100,"sumTsHour":600},"idGroup":1,"idParent":1,"model":"stels navigator 500","number":"159","numberFrame":"WOLP53865","serverId":"160","state":4,"count_rent":251},{"tarif":{"name":"","sumDay":300,"sumHour":100,"sumTsHour":500},"idGroup":1,"idParent":1,"model":"stels navigator 440","number":"160","numberFrame":"xl 12j017100","serverId":"161","state":4,"count_rent":210},{"tarif":{"name":"","sumDay":1000,"sumHour":300,"sumTsHour":1500},"idGroup":1,"idParent":1,"model":"stels navigator 310","number":"161","numberFrame":"w120711015","serverId":"162","state":4,"count_rent":58},{"tarif":{"name":"","sumDay":350,"sumHour":50,"sumTsHour":500},"idGroup":1,"idParent":1,"model":"stels navigator 310","number":"162","numberFrame":"kl 11l006439","serverId":"163","state":4,"count_rent":35},{"tarif":{"name":"","sumDay":350,"sumHour":50,"sumTsHour":500},"idGroup":1,"idParent":1,"model":"giant boulder 3","number":"163","numberFrame":"c11O2193","serverId":"164","state":4,"count_rent":628},{"tarif":{"name":"","sumDay":800,"sumHour":300,"sumTsHour":1200},"idGroup":1,"idParent":1,"model":"giant boulder 3","number":"164","numberFrame":"c11j0107","serverId":"165","state":4,"count_rent":481},{"tarif":{"name":"","sumDay":350,"sumHour":50,"sumTsHour":500},"idGroup":1,"idParent":1,"model":"giant snap","number":"165","numberFrame":"c12a6763","serverId":"166","state":4,"count_rent":434},{"tarif":{"name":"","sumDay":600,"sumHour":150,"sumTsHour":800},"idGroup":1,"idParent":1,"model":"giant snap","number":"166","numberFrame":"c32l1110","serverId":"167","state":4,"count_rent":269},{"tarif":{"name":"","sumDay":350,"sumHour":50,"sumTsHour":500},"idGroup":1,"idParent":1,"model":"nordway cascade","number":"167","numberFrame":"8841206720","serverId":"168","state":4,"count_rent":171},{"tarif":{"name":"","sumDay":300,"sumHour":100,"sumTsHour":500},"idGroup":1,"idParent":1,"model":"nordway gt70","number":"168","numberFrame":"yhy2021793","serverId":"169","state":4,"count_rent":224},{"tarif":{"name":"","sumDay":300,"sumHour":100,"sumTsHour":500},"idGroup":1,"idParent":1,"model":"nordway active","number":"169","numberFrame":"at81122332","serverId":"170","state":4,"count_rent":483},{"tarif":{"name":"","sumDay":300,"sumHour":50,"sumTsHour":500},"idGroup":1,"idParent":1,"model":"nordway trail","number":"170","numberFrame":"k70830112","serverId":"171","state":4,"count_rent":240},{"tarif":{"name":"","sumDay":150,"sumHour":50,"sumTsHour":350},"idGroup":1,"idParent":1,"model":"stern dynamik 1.0","number":"171","numberFrame":"v897253","serverId":"172","state":4,"count_rent":109},{"tarif":{"name":"","sumDay":350,"sumHour":50,"sumTsHour":500},"idGroup":1,"idParent":1,"model":"stern dynamik 2.0","number":"172","numberFrame":"v391580","serverId":"173","state":4,"count_rent":117},{"tarif":{"name":"","sumDay":300,"sumHour":100,"sumTsHour":500},"idGroup":1,"idParent":1,"model":"element active","number":"173","numberFrame":"v688021","serverId":"174","state":4,"count_rent":582},{"tarif":{"name":"","sumDay":350,"sumHour":50,"sumTsHour":500},"idGroup":1,"idParent":1,"model":"kross trans siberian","number":"174","numberFrame":"ly2c031154","serverId":"175","state":4,"count_rent":93},{"tarif":{"name":"","sumDay":600,"sumHour":150,"sumTsHour":800},"idGroup":1,"idParent":1,"model":"specialized","number":"175","numberFrame":"p8jhb0053","serverId":"176","state":4,"count_rent":349},{"tarif":{"name":"","sumDay":350,"sumHour":50,"sumTsHour":500},"idGroup":1,"idParent":1,"model":"rockrider 5.2","number":"176","numberFrame":"bi-1623","serverId":"177","state":4,"count_rent":648},{"tarif":{"name":"","sumDay":300,"sumHour":100,"sumTsHour":600},"idGroup":1,"idParent":1,"model":"haro flightline","number":"177","numberFrame":"k9kb002484","serverId":"178","state":4,"count_rent":500},{"tarif":{"name":"","sumDay":300,"sumHour":100,"sumTsHour":600},"idGroup":1,"idParent":1,"model":"gt agressor","number":"178","numberFrame":"mngs007100513","serverId":"179","state":4,"count_rent":163},{"tarif":{"name":"","sumDay":300,"sumHour":100,"sumTsHour":500},"idGroup":1,"idParent":1,"model":"stark","number":"179","numberFrame":"saipk01662","serverId":"180","state":4,"count_rent":23},{"tarif":{"name":"","sumDay":600,"sumHour":150,"sumTsHour":800},"idGroup":1,"idParent":1,"model":"nordway cascade","number":"180","numberFrame":"SF31263800","serverId":"181","state":4,"count_rent":302},{"tarif":{"name":"","sumDay":300,"sumHour":50,"sumTsHour":500},"idGroup":1,"idParent":1,"model":"Skystyle Woman","number":"181","numberFrame":"u5048030","serverId":"182","state":4,"count_rent":542},{"tarif":{"name":"","sumDay":350,"sumHour":100,"sumTsHour":600},"idGroup":1,"idParent":1,"model":"Murray","number":"182","numberFrame":"1102109","serverId":"183","state":4,"count_rent":0},{"tarif":{"name":"","sumDay":350,"sumHour":100,"sumTsHour":600},"idGroup":1,"idParent":1,"model":"Scope","number":"183","numberFrame":"yla13130a","serverId":"184","state":4,"count_rent":15},{"tarif":{"name":"","sumDay":350,"sumHour":50,"sumTsHour":500},"idGroup":1,"idParent":1,"model":"Haro BMX","number":"184","numberFrame":" POW8J0886","serverId":"185","state":4,"count_rent":117},{"tarif":{"name":"","sumDay":300,"sumHour":50,"sumTsHour":500},"idGroup":1,"idParent":1,"model":"Trek 3700","number":"185","numberFrame":"TBI-0406 CB3D0395","serverId":"186","state":4,"count_rent":420},{"tarif":{"name":"","sumDay":350,"sumHour":100,"sumTsHour":600},"idGroup":1,"idParent":1,"model":"Stern Motion 3.0","number":"186","numberFrame":"AT111107415","serverId":"187","state":4,"count_rent":439},{"tarif":{"name":"","sumDay":300,"sumHour":100,"sumTsHour":500},"idGroup":1,"idParent":1,"model":"TopGear Sigma 225","number":"187","numberFrame":"U5048030","serverId":"188","state":4,"count_rent":114},{"tarif":{"name":"","sumDay":350,"sumHour":120,"sumTsHour":600},"idGroup":1,"idParent":1,"model":"stels navigator 500","number":"188","numberFrame":"S08A027084","serverId":"189","state":4,"count_rent":255},{"tarif":{"name":"","sumDay":300,"sumHour":100,"sumTsHour":500},"idGroup":1,"idParent":1,"model":"stels navigator 610","number":"189","numberFrame":"XL13L058083","serverId":"190","state":4,"count_rent":62},{"tarif":{"name":"","sumDay":300,"sumHour":50,"sumTsHour":500},"idGroup":1,"idParent":1,"model":"stels navigator 610","number":"190","numberFrame":"xL13L050260","serverId":"191","state":4,"count_rent":412},{"tarif":{"name":"","sumDay":800,"sumHour":300,"sumTsHour":1200},"idGroup":1,"idParent":1,"model":"stels navigator 610","number":"191","numberFrame":"XL13L067047","serverId":"192","state":4,"count_rent":419},{"tarif":{"name":"","sumDay":600,"sumHour":150,"sumTsHour":800},"idGroup":1,"idParent":1,"model":"stels navigator 610","number":"192","numberFrame":"XL13L056515","serverId":"193","state":4,"count_rent":433},{"tarif":{"name":"","sumDay":600,"sumHour":150,"sumTsHour":800},"idGroup":1,"idParent":1,"model":"stels navigator 610","number":"193","numberFrame":"XL13L051604","serverId":"194","state":4,"count_rent":509},{"tarif":{"name":"","sumDay":300,"sumHour":100,"sumTsHour":500},"idGroup":1,"idParent":1,"model":"stels navigator 610","number":"194","numberFrame":"XL13L051928","serverId":"195","state":4,"count_rent":212},{"tarif":{"name":"","sumDay":350,"sumHour":50,"sumTsHour":500},"idGroup":1,"idParent":1,"model":"nordway uptown red","number":"195","numberFrame":"K60738237","serverId":"196","state":3,"count_rent":662},{"tarif":{"name":"","sumDay":300,"sumHour":100,"sumTsHour":500},"idGroup":1,"idParent":1,"model":"","number":"196","numberFrame":"","serverId":"197","state":4,"count_rent":21},{"tarif":{"name":"","sumDay":300,"sumHour":100,"sumTsHour":500},"idGroup":1,"idParent":1,"model":"Schwinn Roadster tri","number":"197","numberFrame":"JNJ13H22541","serverId":"198","state":4,"count_rent":3},{"tarif":{"name":"","sumDay":300,"sumHour":100,"sumTsHour":500},"idGroup":1,"idParent":1,"model":"Schwinn Voyageur 2","number":"198","numberFrame":"CM13 G560 761","serverId":"199","state":4,"count_rent":0},{"tarif":{"name":"","sumDay":500,"sumHour":100,"sumTsHour":700},"idGroup":1,"idParent":1,"model":"Schwinn Voyageur 2","number":"199","numberFrame":"CM13 M547 265","serverId":"200","state":4,"count_rent":0},{"tarif":{"name":"","sumDay":300,"sumHour":100,"sumTsHour":500},"idGroup":1,"idParent":1,"model":"Schwinn Voyageur 2","number":"200","numberFrame":"CM13 M547 266","serverId":"201","state":4,"count_rent":0},{"tarif":{"name":"","sumDay":350,"sumHour":100,"sumTsHour":600},"idGroup":1,"idParent":1,"model":"Schwinn Voyageur 2","number":"201","numberFrame":"CM13 M547 250.","serverId":"202","state":4,"count_rent":0},{"tarif":{"name":"","sumDay":300,"sumHour":100,"sumTsHour":500},"idGroup":1,"idParent":1,"model":"Schwinn Voyageur 2","number":"202","numberFrame":"CM13 M547 255","serverId":"203","state":4,"count_rent":0},{"tarif":{"name":"","sumDay":100,"sumHour":100,"sumTsHour":120},"idGroup":1,"idParent":1,"model":"Schwinn Voyageur 2","number":"203","numberFrame":"CM13 G532 844","serverId":"204","state":4,"count_rent":0},{"tarif":{"name":"","sumDay":350,"sumHour":50,"sumTsHour":500},"idGroup":1,"idParent":1,"model":"Schwinn Voyageur 2","number":"204","numberFrame":"CM13 G532 788","serverId":"205","state":4,"count_rent":0},{"tarif":{"name":"Gopro 3+","sumDay":300,"sumHour":100,"sumTsHour":500},"idGroup":1,"idParent":1,"model":"Schwinn Voyageur 2","number":"205","numberFrame":"CM13 M547 257","serverId":"206","state":4,"count_rent":0},{"tarif":{"name":"","sumDay":300,"sumHour":100,"sumTsHour":500},"idGroup":1,"idParent":1,"model":"Schwinn Voyageur 2","number":"206","numberFrame":"CM13 G532 815","serverId":"207","state":4,"count_rent":0},{"tarif":{"name":"","sumDay":300,"sumHour":100,"sumTsHour":600},"idGroup":1,"idParent":1,"model":"Schwinn Voyageur 2","number":"207","numberFrame":"CM13 M547 261","serverId":"208","state":4,"count_rent":0},{"tarif":{"name":"","sumDay":300,"sumHour":100,"sumTsHour":600},"idGroup":1,"idParent":1,"model":"Schwinn Tango Tandem","number":"208","numberFrame":"CM13L547412","serverId":"209","state":4,"count_rent":66},{"tarif":{"name":"","sumDay":300,"sumHour":100,"sumTsHour":600},"idGroup":1,"idParent":1,"model":"Schwinn Tango Tandem","number":"209","numberFrame":"CM13L547391","serverId":"210","state":4,"count_rent":113},{"tarif":{"name":"","sumDay":1000,"sumHour":300,"sumTsHour":1500},"idGroup":1,"idParent":1,"model":"","number":"210","numberFrame":"Z014763813","serverId":"211","state":4,"count_rent":65},{"tarif":{"name":"","sumDay":500,"sumHour":100,"sumTsHour":700},"idGroup":1,"idParent":1,"model":"","number":"211","numberFrame":"ZO12724413","serverId":"212","state":4,"count_rent":32},{"tarif":{"name":"","sumDay":100,"sumHour":100,"sumTsHour":120},"idGroup":1,"idParent":1,"model":"","number":"212","numberFrame":"XL13JO38142","serverId":"213","state":4,"count_rent":34},{"tarif":{"name":"","sumDay":300,"sumHour":100,"sumTsHour":500},"idGroup":1,"idParent":1,"model":"","number":"213","numberFrame":"XL13JO38000","serverId":"214","state":4,"count_rent":56},{"tarif":{"name":"","sumDay":100,"sumHour":100,"sumTsHour":120},"idGroup":1,"idParent":1,"model":"","number":"214","numberFrame":"Z014649613","serverId":"215","state":4,"count_rent":49},{"tarif":{"name":"","sumDay":1000,"sumHour":300,"sumTsHour":1500},"idGroup":1,"idParent":1,"model":"","number":"215","numberFrame":"z0263723","serverId":"216","state":4,"count_rent":56},{"tarif":{"name":"Gopro 3+","sumDay":300,"sumHour":100,"sumTsHour":500},"idGroup":1,"idParent":1,"model":"","number":"216","numberFrame":"w120739067","serverId":"217","state":4,"count_rent":38},{"tarif":{"name":"","sumDay":300,"sumHour":100,"sumTsHour":500},"idGroup":1,"idParent":1,"model":"Pigeon special ","number":"217","numberFrame":"FC100327","serverId":"218","state":4,"count_rent":156},{"tarif":{"name":"","sumDay":1000,"sumHour":300,"sumTsHour":1500},"idGroup":1,"idParent":1,"model":"","number":"218","numberFrame":"","serverId":"219","state":4,"count_rent":16},{"tarif":{"name":"","sumDay":300,"sumHour":100,"sumTsHour":600},"idGroup":1,"idParent":1,"model":"trek alpaha","number":"219","numberFrame":"336C0129D\/TDI-2193","serverId":"220","state":4,"count_rent":46},{"tarif":{"name":"","sumDay":350,"sumHour":50,"sumTsHour":500},"idGroup":1,"idParent":1,"model":"Trek alpha 3900","number":"220","numberFrame":"WTU 022C0015A","serverId":"221","state":4,"count_rent":207},{"tarif":{"name":"","sumDay":600,"sumHour":150,"sumTsHour":800},"idGroup":1,"idParent":1,"model":"stels navigator 610","number":"221","numberFrame":"XL13J066336","serverId":"222","state":4,"count_rent":514},{"tarif":{"name":"","sumDay":300,"sumHour":50,"sumTsHour":500},"idGroup":1,"idParent":1,"model":"stels navigator 610","number":"222","numberFrame":"XL13KO36654","serverId":"223","state":4,"count_rent":427},{"tarif":{"name":"","sumDay":300,"sumHour":100,"sumTsHour":500},"idGroup":1,"idParent":1,"model":"stels navigator 610","number":"223","numberFrame":"XL13ko36945","serverId":"224","state":4,"count_rent":488},{"tarif":{"name":"","sumDay":350,"sumHour":50,"sumTsHour":500},"idGroup":1,"idParent":1,"model":"stels navigator 610","number":"224","numberFrame":"XL13KO36945","serverId":"225","state":4,"count_rent":493},{"tarif":{"name":"","sumDay":350,"sumHour":50,"sumTsHour":500},"idGroup":1,"idParent":1,"model":"stels miss 6000","number":"225","numberFrame":"XL13KO8788","serverId":"226","state":4,"count_rent":251},{"tarif":{"name":"","sumDay":300,"sumHour":100,"sumTsHour":500},"idGroup":1,"idParent":1,"model":"stels miss 6000","number":"226","numberFrame":"XL13KO8691","serverId":"227","state":4,"count_rent":560},{"tarif":{"name":"","sumDay":300,"sumHour":100,"sumTsHour":600},"idGroup":1,"idParent":1,"model":"stels miss 6000","number":"227","numberFrame":"XL13KO8823","serverId":"228","state":4,"count_rent":494},{"tarif":{"name":"","sumDay":300,"sumHour":100,"sumTsHour":500},"idGroup":1,"idParent":1,"model":"stels miss 6000","number":"228","numberFrame":"XL13KO8847","serverId":"229","state":4,"count_rent":503},{"tarif":{"name":"","sumDay":100,"sumHour":100,"sumTsHour":120},"idGroup":1,"idParent":1,"model":"Stern 1. 0","number":"229","numberFrame":"VM613210","serverId":"230","state":4,"count_rent":333},{"tarif":{"name":"","sumDay":300,"sumHour":50,"sumTsHour":500},"idGroup":1,"idParent":1,"model":"","number":"230","numberFrame":"WTU284P0386C","serverId":"231","state":4,"count_rent":6},{"tarif":{"name":"","sumDay":300,"sumHour":100,"sumTsHour":500},"idGroup":1,"idParent":1,"model":"","number":"231","numberFrame":"","serverId":"232","state":4,"count_rent":0},{"tarif":{"name":"","sumDay":300,"sumHour":100,"sumTsHour":500},"idGroup":1,"idParent":1,"model":"","number":"232","numberFrame":"","serverId":"233","state":4,"count_rent":17},{"tarif":{"name":"","sumDay":150,"sumHour":50,"sumTsHour":350},"idGroup":1,"idParent":1,"model":"Look","number":"233","numberFrame":"55k113504","serverId":"234","state":4,"count_rent":45},{"tarif":{"name":"","sumDay":350,"sumHour":50,"sumTsHour":500},"idGroup":1,"idParent":1,"model":"stern dynamic ","number":"234","numberFrame":"v412632","serverId":"235","state":4,"count_rent":421},{"tarif":{"name":"","sumDay":300,"sumHour":50,"sumTsHour":500},"idGroup":1,"idParent":1,"model":" bulls wildcross aa3","number":"235","numberFrame":"OO160601","serverId":"236","state":4,"count_rent":723},{"tarif":{"name":"","sumDay":150,"sumHour":50,"sumTsHour":350},"idGroup":1,"idParent":1,"model":"del sol ","number":"236","numberFrame":"XDS1420798","serverId":"237","state":4,"count_rent":22},{"tarif":{"name":"","sumDay":300,"sumHour":100,"sumTsHour":500},"idGroup":1,"idParent":1,"model":"del sol ","number":"237","numberFrame":"XDS1420813","serverId":"238","state":4,"count_rent":11},{"tarif":{"name":"","sumDay":300,"sumHour":100,"sumTsHour":500},"idGroup":1,"idParent":1,"model":"del sol ","number":"238","numberFrame":"XDS1420841","serverId":"239","state":4,"count_rent":25},{"tarif":{"name":"","sumDay":350,"sumHour":50,"sumTsHour":500},"idGroup":1,"idParent":1,"model":"Electra bicyclecd","number":"239","numberFrame":"EAC 2400500","serverId":"240","state":4,"count_rent":89},{"tarif":{"name":"","sumDay":700,"sumHour":250,"sumTsHour":1000},"idGroup":1,"idParent":1,"model":"Electra","number":"240","numberFrame":"LW2D06913","serverId":"241","state":4,"count_rent":44},{"tarif":{"name":"","sumDay":100,"sumHour":100,"sumTsHour":120},"idGroup":1,"idParent":1,"model":"Stels Navigator 410","number":"241","numberFrame":"xd6100975","serverId":"242","state":4,"count_rent":12},{"tarif":{"name":"","sumDay":300,"sumHour":100,"sumTsHour":500},"idGroup":1,"idParent":1,"model":"Stels Navigator 340","number":"242","numberFrame":"XL13J039040","serverId":"243","state":4,"count_rent":16},{"tarif":{"name":"","sumDay":1000,"sumHour":300,"sumTsHour":1500},"idGroup":1,"idParent":1,"model":"Stels Navigator 340","number":"243","numberFrame":"XL13J039250","serverId":"244","state":4,"count_rent":11},{"tarif":{"name":"","sumDay":300,"sumHour":100,"sumTsHour":600},"idGroup":1,"idParent":1,"model":"Stels Navigator 340","number":"244","numberFrame":"XL13I029773","serverId":"245","state":4,"count_rent":17},{"tarif":{"name":"","sumDay":350,"sumHour":50,"sumTsHour":500},"idGroup":1,"idParent":1,"model":"Stels Navigator 340","number":"245","numberFrame":"XL13J038870","serverId":"246","state":4,"count_rent":38},{"tarif":{"name":"","sumDay":300,"sumHour":100,"sumTsHour":500},"idGroup":1,"idParent":1,"model":"Stels Navigator 340","number":"246","numberFrame":"XL13J038458","serverId":"247","state":4,"count_rent":41},{"tarif":{"name":"","sumDay":100,"sumHour":100,"sumTsHour":120},"idGroup":1,"idParent":1,"model":"Stels Navigator 340","number":"247","numberFrame":"XL13J040064","serverId":"248","state":4,"count_rent":44},{"tarif":{"name":"Gopro 3+","sumDay":300,"sumHour":100,"sumTsHour":500},"idGroup":1,"idParent":1,"model":"Stels Navigator 340","number":"248","numberFrame":"XL13J038827","serverId":"249","state":4,"count_rent":101},{"tarif":{"name":"","sumDay":350,"sumHour":100,"sumTsHour":600},"idGroup":1,"idParent":1,"model":"Stels Navigator 340","number":"249","numberFrame":"XL13J038930","serverId":"250","state":4,"count_rent":29},{"tarif":{"name":"","sumDay":150,"sumHour":50,"sumTsHour":350},"idGroup":1,"idParent":1,"model":"Stels Navigator 340","number":"250","numberFrame":"XL13J038030","serverId":"251","state":4,"count_rent":17},{"tarif":{"name":"","sumDay":350,"sumHour":50,"sumTsHour":500},"idGroup":1,"idParent":1,"model":"Stels Navigator 340","number":"251","numberFrame":"XL13J039218","serverId":"252","state":4,"count_rent":32},{"tarif":{"name":"","sumDay":300,"sumHour":50,"sumTsHour":500},"idGroup":1,"idParent":1,"model":"Stels Navigator 130","number":"252","numberFrame":"S13G000452","serverId":"253","state":4,"count_rent":41},{"tarif":{"name":"","sumDay":350,"sumHour":50,"sumTsHour":500},"idGroup":1,"idParent":1,"model":"Stels Navigator 130","number":"253","numberFrame":"S13G000470","serverId":"254","state":4,"count_rent":88},{"tarif":{"name":"","sumDay":500,"sumHour":100,"sumTsHour":700},"idGroup":1,"idParent":1,"model":"Stels Navigator 290","number":"254","numberFrame":"S14A031753","serverId":"255","state":4,"count_rent":161},{"tarif":{"name":"","sumDay":1000,"sumHour":300,"sumTsHour":1500},"idGroup":1,"idParent":1,"model":"Stels Navigator 290","number":"255","numberFrame":"S14A031664","serverId":"256","state":4,"count_rent":141},{"tarif":{"name":"","sumDay":300,"sumHour":100,"sumTsHour":600},"idGroup":1,"idParent":1,"model":"","number":"256","numberFrame":"WTU073CS0145J","serverId":"257","state":3,"count_rent":20},{"tarif":{"name":"","sumDay":500,"sumHour":100,"sumTsHour":700},"idGroup":1,"idParent":1,"model":"","number":"257","numberFrame":"","serverId":"258","state":3,"count_rent":15},{"tarif":{"name":"","sumDay":600,"sumHour":150,"sumTsHour":800},"idGroup":1,"idParent":1,"model":"Stels Navigator 570","number":"258","numberFrame":"S6B006007","serverId":"259","state":4,"count_rent":130},{"tarif":{"name":"","sumDay":300,"sumHour":100,"sumTsHour":600},"idGroup":1,"idParent":1,"model":"","number":"259","numberFrame":"S710096593","serverId":"260","state":4,"count_rent":59},{"tarif":{"name":"","sumDay":300,"sumHour":100,"sumTsHour":600},"idGroup":1,"idParent":1,"model":"Cinelli-185","number":"260","numberFrame":"6MCL532364","serverId":"261","state":4,"count_rent":11},{"tarif":{"name":"","sumDay":600,"sumHour":150,"sumTsHour":800},"idGroup":1,"idParent":1,"model":"Kross level A2","number":"261","numberFrame":"LY2A011914 (EN14766)","serverId":"262","state":2,"count_rent":94},{"tarif":{"name":"","sumDay":150,"sumHour":50,"sumTsHour":350},"idGroup":1,"idParent":1,"model":"Stels Navigator 930","number":"262","numberFrame":"S07C116274","serverId":"263","state":4,"count_rent":246},{"tarif":{"name":"","sumDay":300,"sumHour":100,"sumTsHour":500},"idGroup":1,"idParent":1,"model":"","number":"263","numberFrame":"WL059363","serverId":"264","state":4,"count_rent":18},{"tarif":{"name":"","sumDay":300,"sumHour":100,"sumTsHour":500},"idGroup":1,"idParent":1,"model":"polygon blizzard","number":"264","numberFrame":"81027777","serverId":"265","state":4,"count_rent":1},{"tarif":{"name":"","sumDay":300,"sumHour":100,"sumTsHour":500},"idGroup":1,"idParent":2,"model":"","number":"265","numberFrame":"","serverId":"266","state":4,"count_rent":47},{"tarif":{"name":"","sumDay":350,"sumHour":50,"sumTsHour":500},"idGroup":1,"idParent":2,"model":"","number":"266","numberFrame":"","serverId":"267","state":4,"count_rent":3},{"tarif":{"name":"","sumDay":600,"sumHour":150,"sumTsHour":800},"idGroup":1,"idParent":2,"model":"","number":"267","numberFrame":"","serverId":"268","state":4,"count_rent":2},{"tarif":{"name":"","sumDay":300,"sumHour":100,"sumTsHour":500},"idGroup":1,"idParent":2,"model":"","number":"268","numberFrame":"","serverId":"269","state":4,"count_rent":8},{"tarif":{"name":"","sumDay":300,"sumHour":100,"sumTsHour":500},"idGroup":1,"idParent":2,"model":"","number":"269","numberFrame":"","serverId":"270","state":4,"count_rent":1},{"tarif":{"name":"","sumDay":150,"sumHour":50,"sumTsHour":350},"idGroup":1,"idParent":2,"model":"","number":"270","numberFrame":"","serverId":"271","state":4,"count_rent":1},{"tarif":{"name":"","sumDay":300,"sumHour":100,"sumTsHour":600},"idGroup":1,"idParent":2,"model":"","number":"271","numberFrame":"T9101R0343","serverId":"272","state":4,"count_rent":6},{"tarif":{"name":"","sumDay":300,"sumHour":100,"sumTsHour":600},"idGroup":1,"idParent":3,"model":"","number":"21","numberFrame":"40-43","serverId":"22","state":4,"count_rent":0},{"tarif":{"name":"","sumDay":350,"sumHour":50,"sumTsHour":500},"idGroup":1,"idParent":3,"model":"","number":"22","numberFrame":"35-38","serverId":"23","state":4,"count_rent":0},{"tarif":{"name":"","sumDay":300,"sumHour":50,"sumTsHour":500},"idGroup":1,"idParent":3,"model":"","number":"23","numberFrame":"37-40","serverId":"24","state":4,"count_rent":0},{"tarif":{"name":"","sumDay":300,"sumHour":100,"sumTsHour":500},"idGroup":1,"idParent":3,"model":"","number":"24","numberFrame":"33-36","serverId":"25","state":4,"count_rent":0},{"tarif":{"name":"Gopro 3+","sumDay":300,"sumHour":100,"sumTsHour":500},"idGroup":1,"idParent":3,"model":"","number":"25","numberFrame":"38-41","serverId":"26","state":4,"count_rent":4},{"tarif":{"name":"","sumDay":300,"sumHour":100,"sumTsHour":500},"idGroup":1,"idParent":3,"model":"maxAmigo","number":"26","numberFrame":"38-41","serverId":"27","state":4,"count_rent":51},{"tarif":{"name":"","sumDay":350,"sumHour":50,"sumTsHour":500},"idGroup":1,"idParent":3,"model":"","number":"27","numberFrame":"40-43","serverId":"28","state":4,"count_rent":578},{"tarif":{"name":"","sumDay":350,"sumHour":120,"sumTsHour":600},"idGroup":1,"idParent":3,"model":"","number":"28","numberFrame":"42","serverId":"29","state":4,"count_rent":0},{"tarif":{"name":"","sumDay":300,"sumHour":100,"sumTsHour":600},"idGroup":1,"idParent":3,"model":"","number":"272","numberFrame":"10 us (43)","serverId":"273","state":4,"count_rent":3},{"tarif":{"name":"","sumDay":500,"sumHour":100,"sumTsHour":700},"idGroup":1,"idParent":3,"model":"amigo sport ","number":"273","numberFrame":"35-38","serverId":"274","state":4,"count_rent":11},{"tarif":{"name":"","sumDay":600,"sumHour":150,"sumTsHour":800},"idGroup":1,"idParent":3,"model":"","number":"274","numberFrame":"28-31","serverId":"275","state":4,"count_rent":1},{"tarif":{"name":"","sumDay":350,"sumHour":100,"sumTsHour":600},"idGroup":1,"idParent":3,"model":"","number":"275","numberFrame":"40-43","serverId":"276","state":4,"count_rent":20},{"tarif":{"name":"","sumDay":350,"sumHour":50,"sumTsHour":500},"idGroup":1,"idParent":3,"model":"","number":"276","numberFrame":"38-41","serverId":"277","state":4,"count_rent":7},{"tarif":{"name":"","sumDay":300,"sumHour":100,"sumTsHour":500},"idGroup":1,"idParent":3,"model":"","number":"277","numberFrame":"","serverId":"278","state":4,"count_rent":7},{"tarif":{"name":"","sumDay":300,"sumHour":100,"sumTsHour":500},"idGroup":1,"idParent":3,"model":"","number":"278","numberFrame":"","serverId":"279","state":4,"count_rent":1},{"tarif":{"name":"","sumDay":350,"sumHour":50,"sumTsHour":500},"idGroup":1,"idParent":3,"model":"","number":"279","numberFrame":"","serverId":"280","state":4,"count_rent":3},{"tarif":{"name":"","sumDay":700,"sumHour":250,"sumTsHour":1000},"idGroup":1,"idParent":3,"model":"","number":"280","numberFrame":"38-41","serverId":"281","state":4,"count_rent":24},{"tarif":{"name":"","sumDay":600,"sumHour":150,"sumTsHour":800},"idGroup":1,"idParent":3,"model":"","number":"281","numberFrame":"35-38","serverId":"282","state":4,"count_rent":34},{"tarif":{"name":"","sumDay":100,"sumHour":100,"sumTsHour":120},"idGroup":1,"idParent":3,"model":"active fit. 3","number":"282","numberFrame":"37","serverId":"283","state":4,"count_rent":56},{"tarif":{"name":"","sumDay":350,"sumHour":50,"sumTsHour":500},"idGroup":1,"idParent":3,"model":"","number":"283","numberFrame":"46","serverId":"284","state":4,"count_rent":14},{"tarif":{"name":"","sumDay":300,"sumHour":100,"sumTsHour":500},"idGroup":1,"idParent":3,"model":"","number":"284","numberFrame":"38-41","serverId":"285","state":4,"count_rent":0},{"tarif":{"name":"","sumDay":300,"sumHour":100,"sumTsHour":600},"idGroup":1,"idParent":3,"model":"","number":"285","numberFrame":"42","serverId":"286","state":4,"count_rent":40},{"tarif":{"name":"","sumDay":300,"sumHour":100,"sumTsHour":500},"idGroup":1,"idParent":3,"model":"","number":"286","numberFrame":"39","serverId":"287","state":4,"count_rent":0},{"tarif":{"name":"","sumDay":150,"sumHour":50,"sumTsHour":350},"idGroup":1,"idParent":3,"model":"","number":"287","numberFrame":"","serverId":"288","state":4,"count_rent":0},{"tarif":{"name":"","sumDay":300,"sumHour":50,"sumTsHour":500},"idGroup":1,"idParent":3,"model":"","number":"288","numberFrame":"35-38","serverId":"289","state":4,"count_rent":4},{"tarif":{"name":"","sumDay":350,"sumHour":100,"sumTsHour":600},"idGroup":1,"idParent":3,"model":"","number":"289","numberFrame":"38","serverId":"290","state":4,"count_rent":30},{"tarif":{"name":"","sumDay":350,"sumHour":50,"sumTsHour":500},"idGroup":1,"idParent":3,"model":"","number":"290","numberFrame":"41","serverId":"291","state":4,"count_rent":3},{"tarif":{"name":"","sumDay":100,"sumHour":100,"sumTsHour":120},"idGroup":1,"idParent":3,"model":"","number":"291","numberFrame":"44","serverId":"292","state":4,"count_rent":3},{"tarif":{"name":"","sumDay":300,"sumHour":100,"sumTsHour":600},"idGroup":1,"idParent":3,"model":"","number":"292","numberFrame":"43","serverId":"293","state":4,"count_rent":0},{"tarif":{"name":"","sumDay":300,"sumHour":100,"sumTsHour":500},"idGroup":1,"idParent":3,"model":"","number":"293","numberFrame":"35-38","serverId":"294","state":4,"count_rent":1},{"tarif":{"name":"","sumDay":350,"sumHour":50,"sumTsHour":500},"idGroup":1,"idParent":3,"model":"","number":"294","numberFrame":"38-41","serverId":"295","state":4,"count_rent":17},{"tarif":{"name":"","sumDay":350,"sumHour":50,"sumTsHour":500},"idGroup":1,"idParent":4,"model":"","number":"295","numberFrame":"","serverId":"296","state":4,"count_rent":0},{"tarif":{"name":"","sumDay":600,"sumHour":150,"sumTsHour":800},"idGroup":1,"idParent":4,"model":"","number":"296","numberFrame":"","serverId":"297","state":4,"count_rent":0},{"tarif":{"name":"","sumDay":300,"sumHour":100,"sumTsHour":500},"idGroup":1,"idParent":4,"model":"","number":"297","numberFrame":"","serverId":"298","state":4,"count_rent":0},{"tarif":{"name":"","sumDay":1000,"sumHour":300,"sumTsHour":1500},"idGroup":1,"idParent":4,"model":"","number":"298","numberFrame":"","serverId":"299","state":4,"count_rent":0},{"tarif":{"name":"","sumDay":300,"sumHour":50,"sumTsHour":500},"idGroup":1,"idParent":4,"model":"","number":"299","numberFrame":"","serverId":"300","state":4,"count_rent":0},{"tarif":{"name":"","sumDay":100,"sumHour":100,"sumTsHour":120},"idGroup":1,"idParent":4,"model":"","number":"300","numberFrame":"","serverId":"301","state":4,"count_rent":0},{"tarif":{"name":"","sumDay":350,"sumHour":50,"sumTsHour":500},"idGroup":1,"idParent":4,"model":"","number":"301","numberFrame":"","serverId":"302","state":4,"count_rent":0},{"tarif":{"name":"","sumDay":350,"sumHour":100,"sumTsHour":600},"idGroup":1,"idParent":5,"model":"","number":"302","numberFrame":"","serverId":"303","state":4,"count_rent":0},{"tarif":{"name":"","sumDay":700,"sumHour":250,"sumTsHour":1000},"idGroup":1,"idParent":5,"model":"","number":"303","numberFrame":"","serverId":"304","state":4,"count_rent":0},{"tarif":{"name":"","sumDay":100,"sumHour":100,"sumTsHour":120},"idGroup":1,"idParent":5,"model":"","number":"304","numberFrame":"","serverId":"305","state":4,"count_rent":0},{"tarif":{"name":"","sumDay":300,"sumHour":100,"sumTsHour":500},"idGroup":1,"idParent":5,"model":"","number":"305","numberFrame":"","serverId":"306","state":4,"count_rent":0},{"tarif":{"name":"","sumDay":800,"sumHour":300,"sumTsHour":1200},"idGroup":1,"idParent":5,"model":"BikeHand 30-32-36-40","number":"306","numberFrame":"","serverId":"307","state":4,"count_rent":0},{"tarif":{"name":"","sumDay":100,"sumHour":100,"sumTsHour":120},"idGroup":1,"idParent":5,"model":"","number":"307","numberFrame":"","serverId":"308","state":4,"count_rent":0},{"tarif":{"name":"Gopro 3+","sumDay":300,"sumHour":100,"sumTsHour":500},"idGroup":1,"idParent":5,"model":"","number":"308","numberFrame":"","serverId":"309","state":4,"count_rent":0},{"tarif":{"name":"","sumDay":350,"sumHour":100,"sumTsHour":600},"idGroup":1,"idParent":5,"model":"","number":"309","numberFrame":"","serverId":"310","state":4,"count_rent":0},{"tarif":{"name":"","sumDay":300,"sumHour":100,"sumTsHour":600},"idGroup":1,"idParent":5,"model":"","number":"310","numberFrame":"","serverId":"311","state":4,"count_rent":0},{"tarif":{"name":"","sumDay":300,"sumHour":100,"sumTsHour":500},"idGroup":1,"idParent":5,"model":"","number":"311","numberFrame":"","serverId":"312","state":4,"count_rent":0},{"tarif":{"name":"","sumDay":350,"sumHour":50,"sumTsHour":500},"idGroup":1,"idParent":5,"model":"","number":"312","numberFrame":"","serverId":"313","state":4,"count_rent":0},{"tarif":{"name":"","sumDay":350,"sumHour":50,"sumTsHour":500},"idGroup":1,"idParent":5,"model":"","number":"313","numberFrame":"","serverId":"314","state":4,"count_rent":0},{"tarif":{"name":"","sumDay":300,"sumHour":100,"sumTsHour":500},"idGroup":1,"idParent":5,"model":"","number":"314","numberFrame":"","serverId":"315","state":4,"count_rent":0},{"tarif":{"name":"","sumDay":300,"sumHour":100,"sumTsHour":600},"idGroup":1,"idParent":6,"model":"","number":"315","numberFrame":"157","serverId":"316","state":4,"count_rent":24},{"tarif":{"name":"","sumDay":100,"sumHour":100,"sumTsHour":120},"idGroup":1,"idParent":6,"model":"Strike Bone(c-sb)","number":"316","numberFrame":"160","serverId":"317","state":4,"count_rent":22},{"tarif":{"name":"","sumDay":600,"sumHour":150,"sumTsHour":800},"idGroup":1,"idParent":6,"model":"RoyalFlush (c-rf)","number":"317","numberFrame":"161","serverId":"318","state":4,"count_rent":22},{"tarif":{"name":"","sumDay":300,"sumHour":100,"sumTsHour":600},"idGroup":1,"idParent":6,"model":"SC Oop (c-so)","number":"318","numberFrame":"160","serverId":"319","state":4,"count_rent":12},{"tarif":{"name":"","sumDay":350,"sumHour":50,"sumTsHour":500},"idGroup":1,"idParent":6,"model":"Black Fire (c- bf)","number":"319","numberFrame":"159","serverId":"320","state":4,"count_rent":15},{"tarif":{"name":"","sumDay":300,"sumHour":100,"sumTsHour":500},"idGroup":1,"idParent":6,"model":"SpecialLady  (c - sl","number":"320","numberFrame":"152","serverId":"321","state":4,"count_rent":19},{"tarif":{"name":"","sumDay":300,"sumHour":100,"sumTsHour":500},"idGroup":1,"idParent":6,"model":"BlackFire Scoup 160 ","number":"321","numberFrame":"160","serverId":"322","state":4,"count_rent":18},{"tarif":{"name":"","sumDay":300,"sumHour":100,"sumTsHour":500},"idGroup":1,"idParent":6,"model":"Bone targa 151","number":"322","numberFrame":"151","serverId":"323","state":4,"count_rent":0},{"tarif":{"name":"","sumDay":350,"sumHour":120,"sumTsHour":600},"idGroup":1,"idParent":7,"model":"BlackFire","number":"323","numberFrame":"42","serverId":"324","state":4,"count_rent":32},{"tarif":{"name":"","sumDay":300,"sumHour":100,"sumTsHour":600},"idGroup":1,"idParent":7,"model":"BlackFire","number":"324","numberFrame":"41","serverId":"325","state":4,"count_rent":20},{"tarif":{"name":"","sumDay":350,"sumHour":50,"sumTsHour":500},"idGroup":1,"idParent":7,"model":"BlackFire","number":"325","numberFrame":"44","serverId":"326","state":4,"count_rent":19},{"tarif":{"name":"","sumDay":300,"sumHour":50,"sumTsHour":500},"idGroup":1,"idParent":7,"model":"BlackFire","number":"326","numberFrame":"40","serverId":"327","state":4,"count_rent":11},{"tarif":{"name":"","sumDay":300,"sumHour":100,"sumTsHour":500},"idGroup":1,"idParent":7,"model":"BlackFire","number":"327","numberFrame":"39","serverId":"328","state":4,"count_rent":9},{"tarif":{"name":"","sumDay":600,"sumHour":150,"sumTsHour":800},"idGroup":1,"idParent":7,"model":"BlackFire","number":"328","numberFrame":"43","serverId":"329","state":4,"count_rent":18},{"tarif":{"name":"","sumDay":300,"sumHour":100,"sumTsHour":500},"idGroup":1,"idParent":7,"model":"Bone","number":"329","numberFrame":"42,5","serverId":"330","state":4,"count_rent":8},{"tarif":{"name":"","sumDay":350,"sumHour":100,"sumTsHour":600},"idGroup":1,"idParent":8,"model":"Bone","number":"331","numberFrame":"33-37","serverId":"332","state":4,"count_rent":0},{"tarif":{"name":"","sumDay":1000,"sumHour":300,"sumTsHour":1500},"idGroup":1,"idParent":9,"model":"Rossignol  Xtour int","number":"332","numberFrame":"195","serverId":"333","state":4,"count_rent":5},{"tarif":{"name":"","sumDay":350,"sumHour":50,"sumTsHour":500},"idGroup":1,"idParent":9,"model":"Rossignol  Xtour ven","number":"333","numberFrame":"170","serverId":"334","state":4,"count_rent":5},{"tarif":{"name":"","sumDay":600,"sumHour":150,"sumTsHour":800},"idGroup":1,"idParent":9,"model":"Rossignol  Xtour ven","number":"334","numberFrame":"170","serverId":"335","state":4,"count_rent":5},{"tarif":{"name":"","sumDay":600,"sumHour":150,"sumTsHour":800},"idGroup":1,"idParent":10,"model":"","number":"335","numberFrame":"44","serverId":"336","state":4,"count_rent":5},{"tarif":{"name":"","sumDay":100,"sumHour":100,"sumTsHour":120},"idGroup":1,"idParent":10,"model":"","number":"336","numberFrame":"38","serverId":"337","state":4,"count_rent":6},{"tarif":{"name":"","sumDay":350,"sumHour":50,"sumTsHour":500},"idGroup":1,"idParent":10,"model":"","number":"337","numberFrame":"38","serverId":"338","state":4,"count_rent":4},{"tarif":{"name":"Gopro 3+","sumDay":300,"sumHour":100,"sumTsHour":500},"idGroup":1,"idParent":11,"model":"Leki vasa 145","number":"338","numberFrame":"145","serverId":"339","state":4,"count_rent":5},{"tarif":{"name":"","sumDay":300,"sumHour":100,"sumTsHour":500},"idGroup":1,"idParent":11,"model":"One way diamant 155","number":"339","numberFrame":"155","serverId":"340","state":4,"count_rent":5},{"tarif":{"name":"","sumDay":1000,"sumHour":300,"sumTsHour":1500},"idGroup":1,"idParent":11,"model":"Flash aluminium 150","number":"340","numberFrame":"150","serverId":"341","state":4,"count_rent":5},{"tarif":{"name":"","sumDay":300,"sumHour":100,"sumTsHour":500},"idGroup":1,"idParent":12,"model":"go pro 3+","number":"38","numberFrame":"","serverId":"39","state":4,"count_rent":8},{"tarif":{"name":"","sumDay":300,"sumHour":100,"sumTsHour":600},"idGroup":1,"idParent":12,"model":"go pro 2","number":"341","numberFrame":"","serverId":"342","state":4,"count_rent":1},{"tarif":{"name":"","sumDay":150,"sumHour":50,"sumTsHour":350},"idGroup":1,"idParent":12,"model":"go pro 3","number":"342","numberFrame":"","serverId":"343","state":4,"count_rent":26},{"tarif":{"name":"","sumDay":800,"sumHour":300,"sumTsHour":1200},"idGroup":1,"idParent":12,"model":"","number":"343","numberFrame":"","serverId":"344","state":4,"count_rent":0},{"tarif":{"name":"","sumDay":500,"sumHour":100,"sumTsHour":700},"idGroup":1,"idParent":13,"model":"","number":"344","numberFrame":"","serverId":"345","state":4,"count_rent":1},{"tarif":{"name":"","sumDay":350,"sumHour":50,"sumTsHour":500},"idGroup":1,"idParent":13,"model":"","number":"345","numberFrame":"","serverId":"346","state":4,"count_rent":1},{"tarif":{"name":"","sumDay":600,"sumHour":150,"sumTsHour":800},"idGroup":1,"idParent":13,"model":"","number":"346","numberFrame":"","serverId":"347","state":4,"count_rent":0},{"tarif":{"name":"","sumDay":1000,"sumHour":300,"sumTsHour":1500},"idGroup":1,"idParent":13,"model":"","number":"347","numberFrame":"","serverId":"348","state":4,"count_rent":0},{"tarif":{"name":"","sumDay":1000,"sumHour":300,"sumTsHour":1500},"idGroup":1,"idParent":13,"model":"","number":"348","numberFrame":"","serverId":"349","state":4,"count_rent":0},{"tarif":{"name":"","sumDay":300,"sumHour":100,"sumTsHour":500},"idGroup":1,"idParent":13,"model":"","number":"349","numberFrame":"","serverId":"350","state":4,"count_rent":0},{"tarif":{"name":"","sumDay":100,"sumHour":100,"sumTsHour":120},"idGroup":1,"idParent":13,"model":"","number":"350","numberFrame":"","serverId":"351","state":4,"count_rent":0},{"tarif":{"name":"","sumDay":300,"sumHour":100,"sumTsHour":500},"idGroup":1,"idParent":14,"model":"","number":"39","numberFrame":"","serverId":"40","state":4,"count_rent":2},{"tarif":{"name":"","sumDay":350,"sumHour":50,"sumTsHour":500},"idGroup":1,"idParent":14,"model":"","number":"40","numberFrame":"","serverId":"41","state":4,"count_rent":0},{"tarif":{"name":"","sumDay":300,"sumHour":100,"sumTsHour":600},"idGroup":1,"idParent":14,"model":"","number":"41","numberFrame":"","serverId":"42","state":4,"count_rent":0},{"tarif":{"name":"","sumDay":300,"sumHour":100,"sumTsHour":500},"idGroup":1,"idParent":14,"model":"","number":"42","numberFrame":"","serverId":"43","state":4,"count_rent":0},{"tarif":{"name":"","sumDay":800,"sumHour":300,"sumTsHour":1200},"idGroup":1,"idParent":14,"model":"","number":"43","numberFrame":"","serverId":"44","state":4,"count_rent":0},{"tarif":{"name":"","sumDay":600,"sumHour":150,"sumTsHour":800},"idGroup":1,"idParent":14,"model":"","number":"44","numberFrame":"","serverId":"45","state":4,"count_rent":0},{"tarif":{"name":"","sumDay":350,"sumHour":100,"sumTsHour":600},"idGroup":1,"idParent":15,"model":"","number":"45","numberFrame":"","serverId":"46","state":4,"count_rent":0},{"tarif":{"name":"","sumDay":300,"sumHour":100,"sumTsHour":500},"idGroup":1,"idParent":15,"model":"","number":"46","numberFrame":"","serverId":"47","state":4,"count_rent":1},{"tarif":{"name":"","sumDay":300,"sumHour":100,"sumTsHour":500},"idGroup":1,"idParent":15,"model":"","number":"47","numberFrame":"","serverId":"48","state":4,"count_rent":0},{"tarif":{"name":"","sumDay":350,"sumHour":100,"sumTsHour":600},"idGroup":1,"idParent":15,"model":"","number":"48","numberFrame":"","serverId":"49","state":4,"count_rent":1},{"tarif":{"name":"","sumDay":300,"sumHour":100,"sumTsHour":600},"idGroup":1,"idParent":15,"model":"","number":"49","numberFrame":"","serverId":"50","state":4,"count_rent":1},{"tarif":{"name":"","sumDay":600,"sumHour":150,"sumTsHour":800},"idGroup":1,"idParent":15,"model":"","number":"50","numberFrame":"","serverId":"51","state":4,"count_rent":1},{"tarif":{"name":"","sumDay":600,"sumHour":150,"sumTsHour":800},"idGroup":1,"idParent":15,"model":"","number":"51","numberFrame":"","serverId":"52","state":4,"count_rent":1},{"tarif":{"name":"","sumDay":800,"sumHour":300,"sumTsHour":1200},"idGroup":1,"idParent":15,"model":"","number":"52","numberFrame":"","serverId":"53","state":4,"count_rent":2},{"tarif":{"name":"","sumDay":700,"sumHour":250,"sumTsHour":1000},"idGroup":1,"idParent":15,"model":"","number":"53","numberFrame":"","serverId":"54","state":4,"count_rent":0},{"tarif":{"name":"","sumDay":300,"sumHour":100,"sumTsHour":500},"idGroup":1,"idParent":15,"model":"","number":"351","numberFrame":"","serverId":"352","state":4,"count_rent":0},{"tarif":{"name":"","sumDay":600,"sumHour":150,"sumTsHour":800},"idGroup":1,"idParent":15,"model":"","number":"352","numberFrame":"","serverId":"353","state":4,"count_rent":0},{"tarif":{"name":"","sumDay":300,"sumHour":100,"sumTsHour":500},"idGroup":1,"idParent":15,"model":"","number":"353","numberFrame":"","serverId":"354","state":4,"count_rent":0},{"tarif":{"name":"","sumDay":300,"sumHour":50,"sumTsHour":500},"idGroup":1,"idParent":16,"model":"","number":"54","numberFrame":"","serverId":"55","state":4,"count_rent":0},{"tarif":{"name":"","sumDay":300,"sumHour":100,"sumTsHour":500},"idGroup":1,"idParent":16,"model":"","number":"55","numberFrame":"","serverId":"56","state":4,"count_rent":2},{"tarif":{"name":"","sumDay":300,"sumHour":100,"sumTsHour":500},"idGroup":1,"idParent":16,"model":"","number":"56","numberFrame":"","serverId":"57","state":4,"count_rent":0},{"tarif":{"name":"","sumDay":300,"sumHour":50,"sumTsHour":500},"idGroup":1,"idParent":16,"model":"","number":"57","numberFrame":"","serverId":"58","state":4,"count_rent":0},{"tarif":{"name":"","sumDay":350,"sumHour":50,"sumTsHour":500},"idGroup":1,"idParent":16,"model":"","number":"58","numberFrame":"","serverId":"59","state":4,"count_rent":16},{"tarif":{"name":"","sumDay":300,"sumHour":100,"sumTsHour":500},"idGroup":1,"idParent":16,"model":"","number":"59","numberFrame":"","serverId":"60","state":4,"count_rent":0},{"tarif":{"name":"","sumDay":300,"sumHour":100,"sumTsHour":500},"idGroup":1,"idParent":16,"model":"","number":"60","numberFrame":"","serverId":"61","state":4,"count_rent":0},{"tarif":{"name":"","sumDay":600,"sumHour":150,"sumTsHour":800},"idGroup":1,"idParent":16,"model":"","number":"61","numberFrame":"","serverId":"62","state":4,"count_rent":78},{"tarif":{"name":"","sumDay":300,"sumHour":100,"sumTsHour":600},"idGroup":1,"idParent":16,"model":"","number":"62","numberFrame":"","serverId":"63","state":4,"count_rent":0},{"tarif":{"name":"","sumDay":150,"sumHour":50,"sumTsHour":350},"idGroup":1,"idParent":16,"model":"","number":"63","numberFrame":"","serverId":"64","state":4,"count_rent":0},{"tarif":{"name":"","sumDay":300,"sumHour":100,"sumTsHour":500},"idGroup":1,"idParent":16,"model":"","number":"64","numberFrame":"","serverId":"65","state":4,"count_rent":0},{"tarif":{"name":"","sumDay":350,"sumHour":50,"sumTsHour":500},"idGroup":1,"idParent":16,"model":"","number":"354","numberFrame":"","serverId":"355","state":4,"count_rent":4},{"tarif":{"name":"","sumDay":500,"sumHour":100,"sumTsHour":700},"idGroup":1,"idParent":16,"model":"","number":"355","numberFrame":"","serverId":"356","state":4,"count_rent":2},{"tarif":{"name":"","sumDay":600,"sumHour":150,"sumTsHour":800},"idGroup":1,"idParent":16,"model":"","number":"356","numberFrame":"","serverId":"357","state":4,"count_rent":3},{"tarif":{"name":"","sumDay":300,"sumHour":100,"sumTsHour":600},"idGroup":1,"idParent":17,"model":"","number":"357","numberFrame":"","serverId":"358","state":4,"count_rent":2},{"tarif":{"name":"","sumDay":300,"sumHour":100,"sumTsHour":500},"idGroup":1,"idParent":17,"model":"","number":"358","numberFrame":"","serverId":"359","state":4,"count_rent":1},{"tarif":{"name":"","sumDay":300,"sumHour":100,"sumTsHour":500},"idGroup":1,"idParent":17,"model":"","number":"359","numberFrame":"","serverId":"360","state":4,"count_rent":0},{"tarif":{"name":"","sumDay":350,"sumHour":50,"sumTsHour":500},"idGroup":1,"idParent":17,"model":"","number":"360","numberFrame":"","serverId":"361","state":4,"count_rent":0},{"tarif":{"name":"","sumDay":1000,"sumHour":300,"sumTsHour":1500},"idGroup":1,"idParent":17,"model":"","number":"361","numberFrame":"","serverId":"362","state":4,"count_rent":1},{"tarif":{"name":"","sumDay":600,"sumHour":150,"sumTsHour":800},"idGroup":1,"idParent":17,"model":"","number":"362","numberFrame":"","serverId":"363","state":4,"count_rent":0},{"tarif":{"name":"Gopro 3+","sumDay":300,"sumHour":100,"sumTsHour":500},"idGroup":1,"idParent":17,"model":"","number":"363","numberFrame":"","serverId":"364","state":4,"count_rent":0},{"tarif":{"name":"","sumDay":300,"sumHour":100,"sumTsHour":600},"idGroup":1,"idParent":17,"model":"","number":"364","numberFrame":"","serverId":"365","state":4,"count_rent":1},{"tarif":{"name":"","sumDay":300,"sumHour":100,"sumTsHour":600},"idGroup":1,"idParent":17,"model":"","number":"365","numberFrame":"","serverId":"366","state":4,"count_rent":1},{"tarif":{"name":"","sumDay":350,"sumHour":50,"sumTsHour":500},"idGroup":1,"idParent":18,"model":"","number":"366","numberFrame":"","serverId":"367","state":4,"count_rent":0},{"tarif":{"name":"","sumDay":1000,"sumHour":300,"sumTsHour":1500},"idGroup":1,"idParent":18,"model":"","number":"367","numberFrame":"","serverId":"368","state":4,"count_rent":0},{"tarif":{"name":"","sumDay":700,"sumHour":250,"sumTsHour":1000},"idGroup":1,"idParent":18,"model":"","number":"368","numberFrame":"","serverId":"369","state":4,"count_rent":0},{"tarif":{"name":"","sumDay":500,"sumHour":100,"sumTsHour":700},"idGroup":1,"idParent":18,"model":"","number":"369","numberFrame":"","serverId":"370","state":4,"count_rent":0},{"tarif":{"name":"","sumDay":300,"sumHour":100,"sumTsHour":500},"idGroup":1,"idParent":18,"model":"","number":"370","numberFrame":"","serverId":"371","state":4,"count_rent":0},{"tarif":{"name":"","sumDay":300,"sumHour":100,"sumTsHour":500},"idGroup":1,"idParent":18,"model":"","number":"371","numberFrame":"","serverId":"372","state":4,"count_rent":0},{"tarif":{"name":"","sumDay":600,"sumHour":150,"sumTsHour":800},"idGroup":1,"idParent":18,"model":"","number":"372","numberFrame":"","serverId":"373","state":4,"count_rent":0},{"tarif":{"name":"","sumDay":300,"sumHour":100,"sumTsHour":500},"idGroup":1,"idParent":18,"model":"","number":"373","numberFrame":"","serverId":"374","state":4,"count_rent":0},{"tarif":{"name":"","sumDay":350,"sumHour":50,"sumTsHour":500},"idGroup":1,"idParent":18,"model":"","number":"374","numberFrame":"","serverId":"375","state":4,"count_rent":0},{"tarif":{"name":"","sumDay":350,"sumHour":50,"sumTsHour":500},"idGroup":1,"idParent":18,"model":"","number":"375","numberFrame":"","serverId":"376","state":4,"count_rent":0},{"tarif":{"name":"","sumDay":700,"sumHour":250,"sumTsHour":1000},"idGroup":1,"idParent":18,"model":"","number":"376","numberFrame":"","serverId":"377","state":4,"count_rent":0},{"tarif":{"name":"","sumDay":350,"sumHour":50,"sumTsHour":500},"idGroup":1,"idParent":18,"model":"","number":"377","numberFrame":"","serverId":"378","state":4,"count_rent":0},{"tarif":{"name":"","sumDay":300,"sumHour":100,"sumTsHour":500},"idGroup":1,"idParent":18,"model":"","number":"378","numberFrame":"","serverId":"379","state":4,"count_rent":0},{"tarif":{"name":"","sumDay":800,"sumHour":300,"sumTsHour":1200},"idGroup":1,"idParent":18,"model":"","number":"379","numberFrame":"","serverId":"380","state":4,"count_rent":0},{"tarif":{"name":"","sumDay":350,"sumHour":50,"sumTsHour":500},"idGroup":1,"idParent":18,"model":"","number":"380","numberFrame":"","serverId":"381","state":4,"count_rent":0},{"tarif":{"name":"","sumDay":300,"sumHour":100,"sumTsHour":600},"idGroup":1,"idParent":18,"model":"","number":"381","numberFrame":"","serverId":"382","state":4,"count_rent":0},{"tarif":{"name":"","sumDay":700,"sumHour":250,"sumTsHour":1000},"idGroup":1,"idParent":18,"model":"","number":"382","numberFrame":"","serverId":"383","state":4,"count_rent":0},{"tarif":{"name":"","sumDay":300,"sumHour":100,"sumTsHour":500},"idGroup":1,"idParent":18,"model":"","number":"383","numberFrame":"","serverId":"384","state":4,"count_rent":0},{"tarif":{"name":"","sumDay":300,"sumHour":100,"sumTsHour":500},"idGroup":1,"idParent":18,"model":"","number":"384","numberFrame":"","serverId":"385","state":4,"count_rent":0},{"tarif":{"name":"","sumDay":500,"sumHour":100,"sumTsHour":700},"idGroup":1,"idParent":18,"model":"","number":"385","numberFrame":"","serverId":"386","state":4,"count_rent":0},{"tarif":{"name":"","sumDay":300,"sumHour":100,"sumTsHour":600},"idGroup":1,"idParent":18,"model":"","number":"386","numberFrame":"","serverId":"387","state":4,"count_rent":0},{"tarif":{"name":"","sumDay":600,"sumHour":150,"sumTsHour":800},"idGroup":1,"idParent":19,"model":"","number":"387","numberFrame":"","serverId":"388","state":4,"count_rent":0},{"tarif":{"name":"Gopro 3+","sumDay":300,"sumHour":100,"sumTsHour":500},"idGroup":1,"idParent":19,"model":"","number":"388","numberFrame":"","serverId":"389","state":4,"count_rent":0},{"tarif":{"name":"","sumDay":300,"sumHour":100,"sumTsHour":600},"idGroup":1,"idParent":19,"model":"","number":"389","numberFrame":"","serverId":"390","state":4,"count_rent":0},{"tarif":{"name":"","sumDay":600,"sumHour":150,"sumTsHour":800},"idGroup":1,"idParent":19,"model":"","number":"390","numberFrame":"","serverId":"391","state":4,"count_rent":0},{"tarif":{"name":"","sumDay":800,"sumHour":300,"sumTsHour":1200},"idGroup":1,"idParent":19,"model":"","number":"391","numberFrame":"","serverId":"392","state":4,"count_rent":0},{"tarif":{"name":"","sumDay":300,"sumHour":50,"sumTsHour":500},"idGroup":1,"idParent":19,"model":"","number":"392","numberFrame":"","serverId":"393","state":4,"count_rent":0},{"tarif":{"name":"","sumDay":350,"sumHour":50,"sumTsHour":500},"idGroup":1,"idParent":19,"model":"","number":"393","numberFrame":"","serverId":"394","state":4,"count_rent":0},{"tarif":{"name":"","sumDay":800,"sumHour":300,"sumTsHour":1200},"idGroup":1,"idParent":19,"model":"","number":"394","numberFrame":"","serverId":"395","state":4,"count_rent":0},{"tarif":{"name":"","sumDay":300,"sumHour":100,"sumTsHour":500},"idGroup":1,"idParent":19,"model":"","number":"395","numberFrame":"","serverId":"396","state":4,"count_rent":0},{"tarif":{"name":"","sumDay":100,"sumHour":100,"sumTsHour":120},"idGroup":1,"idParent":19,"model":"","number":"396","numberFrame":"","serverId":"397","state":4,"count_rent":0},{"tarif":{"name":"","sumDay":300,"sumHour":50,"sumTsHour":500},"idGroup":1,"idParent":20,"model":"KHS Alite 150","number":"66","numberFrame":"v12d02658","serverId":"67","state":4,"count_rent":83},{"tarif":{"name":"","sumDay":300,"sumHour":100,"sumTsHour":500},"idGroup":1,"idParent":20,"model":"KHS Alite 150","number":"67","numberFrame":"v12d05353","serverId":"68","state":3,"count_rent":1},{"tarif":{"name":"","sumDay":300,"sumHour":100,"sumTsHour":500},"idGroup":1,"idParent":20,"model":"stels navigator 810","number":"68","numberFrame":"xl 12c087120","serverId":"69","state":4,"count_rent":107},{"tarif":{"name":"","sumDay":150,"sumHour":50,"sumTsHour":350},"idGroup":1,"idParent":20,"model":"stels navigator 500","number":"69","numberFrame":"li 101201893","serverId":"70","state":4,"count_rent":23},{"tarif":{"name":"","sumDay":300,"sumHour":100,"sumTsHour":500},"idGroup":1,"idParent":20,"model":"viper evolution 100","number":"70","numberFrame":"at60301748","serverId":"71","state":4,"count_rent":338},{"tarif":{"name":"","sumDay":300,"sumHour":100,"sumTsHour":500},"idGroup":1,"idParent":20,"model":"Murray","number":"71","numberFrame":"1102109","serverId":"72","state":4,"count_rent":66},{"tarif":{"name":"","sumDay":300,"sumHour":100,"sumTsHour":500},"idGroup":1,"idParent":20,"model":"Pegas","number":"72","numberFrame":"uv06300888","serverId":"73","state":4,"count_rent":0},{"tarif":{"name":"","sumDay":600,"sumHour":150,"sumTsHour":800},"idGroup":1,"idParent":20,"model":"Scott YZ3","number":"73","numberFrame":"TY4131608","serverId":"74","state":4,"count_rent":29},{"tarif":{"name":"","sumDay":300,"sumHour":100,"sumTsHour":500},"idGroup":1,"idParent":20,"model":"Schwinn Roadster tri","number":"74","numberFrame":"","serverId":"75","state":4,"count_rent":0},{"tarif":{"name":"","sumDay":300,"sumHour":100,"sumTsHour":600},"idGroup":1,"idParent":20,"model":"trek alpaha","number":"75","numberFrame":"","serverId":"76","state":4,"count_rent":12},{"tarif":{"name":"","sumDay":350,"sumHour":50,"sumTsHour":500},"idGroup":1,"idParent":20,"model":"stels navigator 610","number":"76","numberFrame":"XL13KO31915","serverId":"77","state":4,"count_rent":27},{"tarif":{"name":"","sumDay":350,"sumHour":50,"sumTsHour":500},"idGroup":1,"idParent":20,"model":"stels navigator 610","number":"77","numberFrame":"XL13KO31414","serverId":"78","state":4,"count_rent":23},{"tarif":{"name":"","sumDay":350,"sumHour":50,"sumTsHour":500},"idGroup":1,"idParent":20,"model":"stels navigator 610","number":"78","numberFrame":"XL13KO036921","serverId":"79","state":4,"count_rent":31},{"tarif":{"name":"","sumDay":150,"sumHour":50,"sumTsHour":350},"idGroup":1,"idParent":20,"model":"stels navigator 610","number":"79","numberFrame":"XL13KO37168","serverId":"80","state":4,"count_rent":126},{"tarif":{"name":"","sumDay":300,"sumHour":100,"sumTsHour":500},"idGroup":1,"idParent":20,"model":"stels navigator 610","number":"80","numberFrame":"XL13KO36712","serverId":"81","state":4,"count_rent":24},{"tarif":{"name":"","sumDay":350,"sumHour":100,"sumTsHour":600},"idGroup":1,"idParent":20,"model":"next","number":"81","numberFrame":"A36970","serverId":"82","state":4,"count_rent":17},{"tarif":{"name":"","sumDay":300,"sumHour":100,"sumTsHour":500},"idGroup":1,"idParent":20,"model":"MBK","number":"82","numberFrame":"wkm626914a","serverId":"83","state":4,"count_rent":24},{"tarif":{"name":"","sumDay":350,"sumHour":100,"sumTsHour":600},"idGroup":1,"idParent":20,"model":"","number":"83","numberFrame":"","serverId":"84","state":4,"count_rent":0},{"tarif":{"name":"","sumDay":350,"sumHour":100,"sumTsHour":600},"idGroup":1,"idParent":20,"model":"","number":"84","numberFrame":" JS0710047","serverId":"85","state":4,"count_rent":0},{"tarif":{"name":"","sumDay":600,"sumHour":150,"sumTsHour":800},"idGroup":1,"idParent":20,"model":"","number":"85","numberFrame":"","serverId":"86","state":1,"count_rent":2},{"tarif":{"name":"","sumDay":350,"sumHour":50,"sumTsHour":500},"idGroup":1,"idParent":20,"model":"MBK","number":"86","numberFrame":"wkm626914a","serverId":"87","state":4,"count_rent":0},{"tarif":{"name":"","sumDay":350,"sumHour":100,"sumTsHour":600},"idGroup":1,"idParent":20,"model":"Scott YZ3","number":"87","numberFrame":"TY4131608","serverId":"88","state":4,"count_rent":0},{"tarif":{"name":"","sumDay":600,"sumHour":150,"sumTsHour":800},"idGroup":1,"idParent":20,"model":"stels navigator 610","number":"88","numberFrame":"XL13L057482","serverId":"89","state":4,"count_rent":524},{"tarif":{"name":"","sumDay":150,"sumHour":50,"sumTsHour":350},"idGroup":1,"idParent":20,"model":"Sibvelz","number":"89","numberFrame":"pl1105035336","serverId":"90","state":4,"count_rent":19},{"tarif":{"name":"","sumDay":600,"sumHour":150,"sumTsHour":800},"idGroup":1,"idParent":20,"model":"stels navigator 500","number":"90","numberFrame":"xl 11 0032956","serverId":"91","state":4,"count_rent":426},{"tarif":{"name":"","sumDay":300,"sumHour":100,"sumTsHour":500},"idGroup":1,"idParent":20,"model":"stels navigator 500","number":"91","numberFrame":"xl 10l053873","serverId":"92","state":4,"count_rent":262},{"tarif":{"name":"","sumDay":600,"sumHour":150,"sumTsHour":800},"idGroup":1,"idParent":20,"model":"viper evolution 100","number":"92","numberFrame":"at60301748","serverId":"93","state":4,"count_rent":0},{"tarif":{"name":"","sumDay":150,"sumHour":50,"sumTsHour":350},"idGroup":1,"idParent":20,"model":"nordway uptown","number":"93","numberFrame":"k60739886","serverId":"94","state":4,"count_rent":14},{"tarif":{"name":"","sumDay":350,"sumHour":50,"sumTsHour":500},"idGroup":1,"idParent":20,"model":"element active","number":"94","numberFrame":"RA811031A","serverId":"95","state":4,"count_rent":323},{"tarif":{"name":"","sumDay":300,"sumHour":50,"sumTsHour":500},"idGroup":1,"idParent":20,"model":"stels navigator 610","number":"95","numberFrame":"XL13L056761","serverId":"96","state":4,"count_rent":417},{"tarif":{"name":"","sumDay":300,"sumHour":100,"sumTsHour":600},"idGroup":1,"idParent":20,"model":"kross hexagon x4","number":"96","numberFrame":"y2ao2909","serverId":"97","state":4,"count_rent":76},{"tarif":{"name":"","sumDay":700,"sumHour":250,"sumTsHour":1000},"idGroup":1,"idParent":20,"model":"merida matts TFS100","number":"97","numberFrame":"wc339706h","serverId":"98","state":4,"count_rent":306},{"tarif":{"name":"","sumDay":300,"sumHour":50,"sumTsHour":500},"idGroup":1,"idParent":20,"model":"stels navigator 500","number":"98","numberFrame":"xl 11c032536","serverId":"99","state":4,"count_rent":278},{"tarif":{"name":"","sumDay":350,"sumHour":50,"sumTsHour":500},"idGroup":1,"idParent":20,"model":"Scott boulder","number":"99","numberFrame":"gc493383","serverId":"100","state":4,"count_rent":79},{"tarif":{"name":"","sumDay":300,"sumHour":100,"sumTsHour":600},"idGroup":1,"idParent":20,"model":"Giant Boulder 3 Woma","number":"100","numberFrame":"po8j0886","serverId":"101","state":4,"count_rent":178},{"tarif":{"name":"","sumDay":150,"sumHour":50,"sumTsHour":350},"idGroup":1,"idParent":20,"model":"stels navigator 850","number":"101","numberFrame":"xl12s086867","serverId":"102","state":4,"count_rent":209},{"tarif":{"name":"","sumDay":300,"sumHour":100,"sumTsHour":500},"idGroup":1,"idParent":20,"model":"Schwinn Streamliner ","number":"102","numberFrame":"","serverId":"103","state":4,"count_rent":74},{"tarif":{"name":"","sumDay":350,"sumHour":120,"sumTsHour":600},"idGroup":1,"idParent":20,"model":"Schwinn Streamliner ","number":"103","numberFrame":"","serverId":"104","state":4,"count_rent":23},{"tarif":{"name":"","sumDay":300,"sumHour":100,"sumTsHour":500},"idGroup":1,"idParent":20,"model":"Schwinn Streamliner ","number":"104","numberFrame":"","serverId":"105","state":4,"count_rent":121},{"tarif":{"name":"","sumDay":300,"sumHour":100,"sumTsHour":600},"idGroup":1,"idParent":20,"model":"Schwinn Streamliner ","number":"105","numberFrame":"","serverId":"106","state":4,"count_rent":42},{"tarif":{"name":"","sumDay":350,"sumHour":50,"sumTsHour":500},"idGroup":1,"idParent":20,"model":"Schwinn Streamliner ","number":"106","numberFrame":"","serverId":"107","state":4,"count_rent":90},{"tarif":{"name":"","sumDay":300,"sumHour":100,"sumTsHour":500},"idGroup":1,"idParent":20,"model":"Schwinn Streamliner ","number":"107","numberFrame":"","serverId":"108","state":4,"count_rent":76},{"tarif":{"name":"","sumDay":500,"sumHour":100,"sumTsHour":700},"idGroup":1,"idParent":20,"model":"Schwinn Streamliner ","number":"108","numberFrame":"","serverId":"109","state":4,"count_rent":44},{"tarif":{"name":"","sumDay":300,"sumHour":100,"sumTsHour":500},"idGroup":1,"idParent":20,"model":"Schwinn Streamliner ","number":"109","numberFrame":"","serverId":"110","state":4,"count_rent":33},{"tarif":{"name":"","sumDay":350,"sumHour":50,"sumTsHour":500},"idGroup":1,"idParent":20,"model":"Schwinn Streamliner ","number":"110","numberFrame":"","serverId":"111","state":4,"count_rent":37},{"tarif":{"name":"","sumDay":500,"sumHour":100,"sumTsHour":700},"idGroup":1,"idParent":20,"model":"Schwinn Streamliner ","number":"111","numberFrame":"","serverId":"112","state":4,"count_rent":94},{"tarif":{"name":"","sumDay":300,"sumHour":100,"sumTsHour":500},"idGroup":1,"idParent":20,"model":"stels navigator 610","number":"112","numberFrame":"XL13KO36964","serverId":"113","state":4,"count_rent":298},{"tarif":{"name":"","sumDay":300,"sumHour":50,"sumTsHour":500},"idGroup":1,"idParent":20,"model":"","number":"113","numberFrame":"IK34155515","serverId":"114","state":4,"count_rent":57},{"tarif":{"name":"","sumDay":300,"sumHour":100,"sumTsHour":500},"idGroup":1,"idParent":20,"model":"del sol ","number":"114","numberFrame":" XDS1420802","serverId":"115","state":4,"count_rent":5},{"tarif":{"name":"","sumDay":700,"sumHour":250,"sumTsHour":1000},"idGroup":1,"idParent":20,"model":"","number":"115","numberFrame":"","serverId":"116","state":4,"count_rent":80},{"tarif":{"name":"","sumDay":600,"sumHour":150,"sumTsHour":800},"idGroup":1,"idParent":20,"model":"stels navigator 500","number":"116","numberFrame":"xl 11c032536","serverId":"117","state":4,"count_rent":0},{"tarif":{"name":"","sumDay":800,"sumHour":300,"sumTsHour":1200},"idGroup":1,"idParent":20,"model":"Stern Maya","number":"117","numberFrame":"V795859","serverId":"118","state":4,"count_rent":808},{"tarif":{"name":"","sumDay":300,"sumHour":100,"sumTsHour":600},"idGroup":1,"idParent":20,"model":"","number":"397","numberFrame":"","serverId":"398","state":4,"count_rent":1},{"tarif":{"name":"","sumDay":300,"sumHour":50,"sumTsHour":500},"idGroup":1,"idParent":20,"model":"Scott YZ3","number":"398","numberFrame":"ty 4134089","serverId":"399","state":4,"count_rent":304},{"tarif":{"name":"","sumDay":350,"sumHour":50,"sumTsHour":500},"idGroup":1,"idParent":21,"model":"","number":"399","numberFrame":"","serverId":"400","state":4,"count_rent":0},{"tarif":{"name":"","sumDay":300,"sumHour":100,"sumTsHour":600},"idGroup":1,"idParent":21,"model":"","number":"400","numberFrame":"","serverId":"401","state":4,"count_rent":0},{"tarif":{"name":"","sumDay":500,"sumHour":100,"sumTsHour":700},"idGroup":1,"idParent":21,"model":"","number":"401","numberFrame":"","serverId":"402","state":4,"count_rent":0},{"tarif":{"name":"Gopro 3+","sumDay":300,"sumHour":100,"sumTsHour":500},"idGroup":1,"idParent":21,"model":"","number":"402","numberFrame":"","serverId":"403","state":4,"count_rent":0},{"tarif":{"name":"","sumDay":350,"sumHour":50,"sumTsHour":500},"idGroup":1,"idParent":21,"model":"","number":"403","numberFrame":"","serverId":"404","state":4,"count_rent":0},{"tarif":{"name":"","sumDay":350,"sumHour":50,"sumTsHour":500},"idGroup":1,"idParent":21,"model":"","number":"404","numberFrame":"","serverId":"405","state":4,"count_rent":0},{"tarif":{"name":"","sumDay":300,"sumHour":100,"sumTsHour":600},"idGroup":1,"idParent":21,"model":"","number":"405","numberFrame":"","serverId":"406","state":4,"count_rent":0},{"tarif":{"name":"","sumDay":350,"sumHour":50,"sumTsHour":500},"idGroup":1,"idParent":21,"model":"","number":"406","numberFrame":"","serverId":"407","state":4,"count_rent":0},{"tarif":{"name":"","sumDay":350,"sumHour":120,"sumTsHour":600},"idGroup":1,"idParent":21,"model":"","number":"407","numberFrame":"","serverId":"408","state":4,"count_rent":0},{"tarif":{"name":"","sumDay":150,"sumHour":50,"sumTsHour":350},"idGroup":1,"idParent":21,"model":"","number":"408","numberFrame":"","serverId":"409","state":4,"count_rent":0},{"tarif":{"name":"","sumDay":300,"sumHour":100,"sumTsHour":500},"idGroup":1,"idParent":21,"model":"","number":"409","numberFrame":"","serverId":"410","state":4,"count_rent":0},{"tarif":{"name":"","sumDay":350,"sumHour":100,"sumTsHour":600},"idGroup":1,"idParent":21,"model":"","number":"410","numberFrame":"","serverId":"411","state":4,"count_rent":0},{"tarif":{"name":"","sumDay":300,"sumHour":100,"sumTsHour":500},"idGroup":1,"idParent":21,"model":"","number":"411","numberFrame":"","serverId":"412","state":4,"count_rent":0}]}]