[{"admin":{"name":"Dmitry","email":null,"login":"dlog","pass":"dpass"},"point":{"title":null,"address":null},"shiftData":"2015-11-17","serverId":"41","0":[{"tarif":{"sumDay":350,"sumPerHour":0,"sumTsDay":0},"idGroup":1,"idParent":1,"model":"Schwinn Corvette ","number":"1","numberFrame":"snmng11m87416","points":{"address":"c\u0443\u0432\u043e\u0440\u043e\u0432\u0430 52\u0430","serverId":"1","title":"\u0441\u0443\u0432\u043e\u0440\u043e\u0432\u0430"},"serverId":"119","state":4,"countRents":1},{"tarif":{"sumDay":350,"sumPerHour":0,"sumTsDay":0},"idGroup":1,"idParent":1,"model":"Schwinn Corvette ","number":"2","numberFrame":"snmng11m87447","points":{"address":"c\u0443\u0432\u043e\u0440\u043e\u0432\u0430 52\u0430","serverId":"1","title":"\u0441\u0443\u0432\u043e\u0440\u043e\u0432\u0430"},"serverId":"120","state":4,"countRents":0},{"tarif":{"sumDay":350,"sumPerHour":0,"sumTsDay":0},"idGroup":1,"idParent":1,"model":"Schwinn Cruiser One","number":"3","numberFrame":"ibdfsd12k5520","points":{"address":"c\u0443\u0432\u043e\u0440\u043e\u0432\u0430 52\u0430","serverId":"1","title":"\u0441\u0443\u0432\u043e\u0440\u043e\u0432\u0430"},"serverId":"122","state":4,"countRents":0},{"tarif":{"sumDay":300,"sumPerHour":0,"sumTsDay":0},"idGroup":1,"idParent":1,"model":"Schwinn Cruiser One ","number":"5","numberFrame":"ibdfsd12k5957","points":{"address":"c\u0443\u0432\u043e\u0440\u043e\u0432\u0430 52\u0430","serverId":"1","title":"\u0441\u0443\u0432\u043e\u0440\u043e\u0432\u0430"},"serverId":"124","state":4,"countRents":0},{"tarif":{"sumDay":350,"sumPerHour":0,"sumTsDay":0},"idGroup":1,"idParent":1,"model":"Schwinn Cruiser One ","number":"8","numberFrame":"ibdfsd12k5824","points":{"address":"c\u0443\u0432\u043e\u0440\u043e\u0432\u0430 52\u0430","serverId":"1","title":"\u0441\u0443\u0432\u043e\u0440\u043e\u0432\u0430"},"serverId":"125","state":4,"countRents":0},{"tarif":{"sumDay":600,"sumPerHour":0,"sumTsDay":0},"idGroup":1,"idParent":1,"model":"Schwinn Cruiser One ","number":"6","numberFrame":"ibdfsd12k3416","points":{"address":"c\u0443\u0432\u043e\u0440\u043e\u0432\u0430 52\u0430","serverId":"1","title":"\u0441\u0443\u0432\u043e\u0440\u043e\u0432\u0430"},"serverId":"126","state":4,"countRents":0},{"tarif":{"name":"","sumDay":0,"sumPerHour":0,"sumTsDay":0},"idGroup":1,"idParent":1,"model":"Schwinn Cruiser One ","number":"7","numberFrame":"ibdfsd12k3406","points":{"address":"c\u0443\u0432\u043e\u0440\u043e\u0432\u0430 52\u0430","serverId":"1","title":"\u0441\u0443\u0432\u043e\u0440\u043e\u0432\u0430"},"serverId":"127","state":4,"countRents":0},{"tarif":{"sumDay":600,"sumPerHour":0,"sumTsDay":0},"idGroup":1,"idParent":1,"model":"Giant Single Simple","number":"10","numberFrame":"c12l3778","points":{"address":"c\u0443\u0432\u043e\u0440\u043e\u0432\u0430 52\u0430","serverId":"1","title":"\u0441\u0443\u0432\u043e\u0440\u043e\u0432\u0430"},"serverId":"128","state":4,"countRents":0},{"tarif":{"sumDay":800,"sumPerHour":0,"sumTsDay":0},"idGroup":1,"idParent":1,"model":"Giant Single Simple","number":"11","numberFrame":"c22d0898","points":{"address":"c\u0443\u0432\u043e\u0440\u043e\u0432\u0430 52\u0430","serverId":"1","title":"\u0441\u0443\u0432\u043e\u0440\u043e\u0432\u0430"},"serverId":"129","state":4,"countRents":0},{"tarif":{"sumDay":100,"sumPerHour":0,"sumTsDay":0},"idGroup":1,"idParent":1,"model":"Giant Single Simple","number":"12","numberFrame":"c12l3766","points":{"address":"c\u0443\u0432\u043e\u0440\u043e\u0432\u0430 52\u0430","serverId":"1","title":"\u0441\u0443\u0432\u043e\u0440\u043e\u0432\u0430"},"serverId":"130","state":4,"countRents":1},{"tarif":{"sumDay":800,"sumPerHour":0,"sumTsDay":0},"idGroup":1,"idParent":1,"model":"Sibvelz","number":"14","numberFrame":"tj0920208","points":{"address":"c\u0443\u0432\u043e\u0440\u043e\u0432\u0430 52\u0430","serverId":"1","title":"\u0441\u0443\u0432\u043e\u0440\u043e\u0432\u0430"},"serverId":"132","state":4,"countRents":0},{"tarif":{"name":"","sumDay":0,"sumPerHour":0,"sumTsDay":0},"idGroup":1,"idParent":1,"model":"Sibvelz","number":"15","numberFrame":"tj0920341","points":{"address":"c\u0443\u0432\u043e\u0440\u043e\u0432\u0430 52\u0430","serverId":"1","title":"\u0441\u0443\u0432\u043e\u0440\u043e\u0432\u0430"},"serverId":"133","state":4,"countRents":0},{"tarif":{"sumDay":500,"sumPerHour":0,"sumTsDay":0},"idGroup":1,"idParent":1,"model":"Sibvelz","number":"16","numberFrame":"tj0920066","points":{"address":"c\u0443\u0432\u043e\u0440\u043e\u0432\u0430 52\u0430","serverId":"1","title":"\u0441\u0443\u0432\u043e\u0440\u043e\u0432\u0430"},"serverId":"134","state":4,"countRents":0},{"tarif":{"name":"","sumDay":0,"sumPerHour":0,"sumTsDay":0},"idGroup":1,"idParent":1,"model":"Sibvelz","number":"22","numberFrame":"pl1105035582","points":{"address":"c\u0443\u0432\u043e\u0440\u043e\u0432\u0430 52\u0430","serverId":"1","title":"\u0441\u0443\u0432\u043e\u0440\u043e\u0432\u0430"},"serverId":"139","state":4,"countRents":0},{"tarif":{"name":"","sumDay":0,"sumPerHour":0,"sumTsDay":0},"idGroup":1,"idParent":1,"model":"Sibvelz Woman","number":"25","numberFrame":"tj0909409","points":{"address":"c\u0443\u0432\u043e\u0440\u043e\u0432\u0430 52\u0430","serverId":"1","title":"\u0441\u0443\u0432\u043e\u0440\u043e\u0432\u0430"},"serverId":"140","state":4,"countRents":0},{"tarif":{"sumDay":500,"sumPerHour":0,"sumTsDay":0},"idGroup":1,"idParent":1,"model":"Sibvelz Woman","number":"24","numberFrame":"tj0909364","points":{"address":"c\u0443\u0432\u043e\u0440\u043e\u0432\u0430 52\u0430","serverId":"1","title":"\u0441\u0443\u0432\u043e\u0440\u043e\u0432\u0430"},"serverId":"141","state":4,"countRents":0},{"tarif":{"sumDay":350,"sumPerHour":0,"sumTsDay":0},"idGroup":1,"idParent":1,"model":"Sibvelz Woman","number":"26","numberFrame":"tj0908365","points":{"address":"c\u0443\u0432\u043e\u0440\u043e\u0432\u0430 52\u0430","serverId":"1","title":"\u0441\u0443\u0432\u043e\u0440\u043e\u0432\u0430"},"serverId":"142","state":4,"countRents":0},{"tarif":{"sumDay":0,"sumPerHour":0,"sumTsDay":0},"idGroup":1,"idParent":1,"model":"Sibvelz Woman","number":"23","numberFrame":"tj0907891","points":{"address":"c\u0443\u0432\u043e\u0440\u043e\u0432\u0430 52\u0430","serverId":"1","title":"\u0441\u0443\u0432\u043e\u0440\u043e\u0432\u0430"},"serverId":"143","state":4,"countRents":0},{"tarif":{"sumDay":300,"sumPerHour":0,"sumTsDay":0},"idGroup":1,"idParent":1,"model":"KHS Alite 150","number":"30","numberFrame":"v12d05295","points":{"address":"c\u0443\u0432\u043e\u0440\u043e\u0432\u0430 52\u0430","serverId":"1","title":"\u0441\u0443\u0432\u043e\u0440\u043e\u0432\u0430"},"serverId":"145","state":4,"countRents":0},{"tarif":{"name":"","sumDay":0,"sumPerHour":0,"sumTsDay":0},"idGroup":1,"idParent":1,"model":"KHS Alite 150","number":"31","numberFrame":"v12d03514","points":{"address":"c\u0443\u0432\u043e\u0440\u043e\u0432\u0430 52\u0430","serverId":"1","title":"\u0441\u0443\u0432\u043e\u0440\u043e\u0432\u0430"},"serverId":"146","state":4,"countRents":0},{"tarif":{"name":"","sumDay":0,"sumPerHour":0,"sumTsDay":0},"idGroup":1,"idParent":1,"model":"Bergamont vitox 6.3","number":"32","numberFrame":"bgm120919856","points":{"address":"c\u0443\u0432\u043e\u0440\u043e\u0432\u0430 52\u0430","serverId":"1","title":"\u0441\u0443\u0432\u043e\u0440\u043e\u0432\u0430"},"serverId":"147","state":4,"countRents":0},{"tarif":{"name":"","sumDay":0,"sumPerHour":0,"sumTsDay":0},"idGroup":1,"idParent":1,"model":"Bergamont vitox 6.3","number":"33","numberFrame":"bgm120919859","points":{"address":"c\u0443\u0432\u043e\u0440\u043e\u0432\u0430 52\u0430","serverId":"1","title":"\u0441\u0443\u0432\u043e\u0440\u043e\u0432\u0430"},"serverId":"148","state":4,"countRents":0},{"tarif":{"sumDay":1000,"sumPerHour":0,"sumTsDay":0},"idGroup":1,"idParent":1,"model":"Bergamont vitox 5.3","number":"34","numberFrame":"aa21024362","points":{"address":"c\u0443\u0432\u043e\u0440\u043e\u0432\u0430 52\u0430","serverId":"1","title":"\u0441\u0443\u0432\u043e\u0440\u043e\u0432\u0430"},"serverId":"149","state":4,"countRents":0},{"tarif":{"sumDay":1000,"sumPerHour":0,"sumTsDay":0},"idGroup":1,"idParent":1,"model":"Bergamont vitox 5.3","number":"35","numberFrame":"aa21024416","points":{"address":"c\u0443\u0432\u043e\u0440\u043e\u0432\u0430 52\u0430","serverId":"1","title":"\u0441\u0443\u0432\u043e\u0440\u043e\u0432\u0430"},"serverId":"150","state":4,"countRents":0},{"tarif":{"sumDay":500,"sumPerHour":0,"sumTsDay":0},"idGroup":1,"idParent":1,"model":"Bergamont vitox 5.3","number":"36","numberFrame":"aa21024403","points":{"address":"c\u0443\u0432\u043e\u0440\u043e\u0432\u0430 52\u0430","serverId":"1","title":"\u0441\u0443\u0432\u043e\u0440\u043e\u0432\u0430"},"serverId":"151","state":4,"countRents":0},{"tarif":{"sumDay":350,"sumPerHour":0,"sumTsDay":0},"idGroup":1,"idParent":1,"model":"Bergamont vitox 5.3","number":"37","numberFrame":"aa26024887","points":{"address":"c\u0443\u0432\u043e\u0440\u043e\u0432\u0430 52\u0430","serverId":"1","title":"\u0441\u0443\u0432\u043e\u0440\u043e\u0432\u0430"},"serverId":"152","state":4,"countRents":0},{"tarif":{"sumDay":300,"sumPerHour":0,"sumTsDay":0},"idGroup":1,"idParent":1,"model":"Bergamont vitox 5.3","number":"38","numberFrame":"aa21024350","points":{"address":"c\u0443\u0432\u043e\u0440\u043e\u0432\u0430 52\u0430","serverId":"1","title":"\u0441\u0443\u0432\u043e\u0440\u043e\u0432\u0430"},"serverId":"153","state":4,"countRents":0},{"tarif":{"sumDay":350,"sumPerHour":0,"sumTsDay":0},"idGroup":1,"idParent":1,"model":"Bergamont vitox 5.3","number":"39","numberFrame":"aa21024324","points":{"address":"c\u0443\u0432\u043e\u0440\u043e\u0432\u0430 52\u0430","serverId":"1","title":"\u0441\u0443\u0432\u043e\u0440\u043e\u0432\u0430"},"serverId":"154","state":4,"countRents":0},{"tarif":{"sumDay":600,"sumPerHour":0,"sumTsDay":0},"idGroup":1,"idParent":1,"model":"stels pilot 720","number":"42","numberFrame":"xd71216885","points":{"address":"c\u0443\u0432\u043e\u0440\u043e\u0432\u0430 52\u0430","serverId":"1","title":"\u0441\u0443\u0432\u043e\u0440\u043e\u0432\u0430"},"serverId":"155","state":4,"countRents":0},{"tarif":{"name":"Gopro 3+","sumDay":0,"sumPerHour":0,"sumTsDay":0},"idGroup":1,"idParent":1,"model":"stels navigator 500","number":"45","numberFrame":"xl 11603224","points":{"address":"c\u0443\u0432\u043e\u0440\u043e\u0432\u0430 52\u0430","serverId":"1","title":"\u0441\u0443\u0432\u043e\u0440\u043e\u0432\u0430"},"serverId":"156","state":4,"countRents":0},{"tarif":{"sumDay":300,"sumPerHour":0,"sumTsDay":0},"idGroup":1,"idParent":1,"model":"stels navigator 500","number":"46","numberFrame":"xl 10052844","points":{"address":"c\u0443\u0432\u043e\u0440\u043e\u0432\u0430 52\u0430","serverId":"1","title":"\u0441\u0443\u0432\u043e\u0440\u043e\u0432\u0430"},"serverId":"157","state":4,"countRents":0},{"tarif":{"sumDay":300,"sumPerHour":0,"sumTsDay":0},"idGroup":1,"idParent":1,"model":"stels navigator 440","number":"52","numberFrame":"xl 12j017100","points":{"address":"c\u0443\u0432\u043e\u0440\u043e\u0432\u0430 52\u0430","serverId":"1","title":"\u0441\u0443\u0432\u043e\u0440\u043e\u0432\u0430"},"serverId":"161","state":4,"countRents":0},{"tarif":{"sumDay":1000,"sumPerHour":0,"sumTsDay":0},"idGroup":1,"idParent":1,"model":"stels navigator 310","number":"53","numberFrame":"w120711015","points":{"address":"c\u0443\u0432\u043e\u0440\u043e\u0432\u0430 52\u0430","serverId":"1","title":"\u0441\u0443\u0432\u043e\u0440\u043e\u0432\u0430"},"serverId":"162","state":4,"countRents":0},{"tarif":{"sumDay":350,"sumPerHour":0,"sumTsDay":0},"idGroup":1,"idParent":1,"model":"giant boulder 3","number":"55","numberFrame":"c11O2193","points":{"address":"c\u0443\u0432\u043e\u0440\u043e\u0432\u0430 52\u0430","serverId":"1","title":"\u0441\u0443\u0432\u043e\u0440\u043e\u0432\u0430"},"serverId":"164","state":4,"countRents":0},{"tarif":{"sumDay":800,"sumPerHour":0,"sumTsDay":0},"idGroup":1,"idParent":1,"model":"giant boulder 3","number":"56","numberFrame":"c11j0107","points":{"address":"c\u0443\u0432\u043e\u0440\u043e\u0432\u0430 52\u0430","serverId":"1","title":"\u0441\u0443\u0432\u043e\u0440\u043e\u0432\u0430"},"serverId":"165","state":4,"countRents":0},{"tarif":{"sumDay":350,"sumPerHour":0,"sumTsDay":0},"idGroup":1,"idParent":1,"model":"giant snap","number":"57","numberFrame":"c12a6763","points":{"address":"c\u0443\u0432\u043e\u0440\u043e\u0432\u0430 52\u0430","serverId":"1","title":"\u0441\u0443\u0432\u043e\u0440\u043e\u0432\u0430"},"serverId":"166","state":4,"countRents":0},{"tarif":{"sumDay":600,"sumPerHour":0,"sumTsDay":0},"idGroup":1,"idParent":1,"model":"giant snap","number":"58","numberFrame":"c32l1110","points":{"address":"c\u0443\u0432\u043e\u0440\u043e\u0432\u0430 52\u0430","serverId":"1","title":"\u0441\u0443\u0432\u043e\u0440\u043e\u0432\u0430"},"serverId":"167","state":4,"countRents":0},{"tarif":{"sumDay":300,"sumPerHour":0,"sumTsDay":0},"idGroup":1,"idParent":1,"model":"nordway trail","number":"63","numberFrame":"k70830112","points":{"address":"c\u0443\u0432\u043e\u0440\u043e\u0432\u0430 52\u0430","serverId":"1","title":"\u0441\u0443\u0432\u043e\u0440\u043e\u0432\u0430"},"serverId":"171","state":4,"countRents":0},{"tarif":{"name":"","sumDay":0,"sumPerHour":0,"sumTsDay":0},"idGroup":1,"idParent":1,"model":"element active","number":"67","numberFrame":"v688021","points":{"address":"c\u0443\u0432\u043e\u0440\u043e\u0432\u0430 52\u0430","serverId":"1","title":"\u0441\u0443\u0432\u043e\u0440\u043e\u0432\u0430"},"serverId":"174","state":4,"countRents":0},{"tarif":{"sumDay":600,"sumPerHour":0,"sumTsDay":0},"idGroup":1,"idParent":1,"model":"specialized","number":"71","numberFrame":"p8jhb0053","points":{"address":"c\u0443\u0432\u043e\u0440\u043e\u0432\u0430 52\u0430","serverId":"1","title":"\u0441\u0443\u0432\u043e\u0440\u043e\u0432\u0430"},"serverId":"176","state":4,"countRents":0},{"tarif":{"sumDay":350,"sumPerHour":0,"sumTsDay":0},"idGroup":1,"idParent":1,"model":"rockrider 5.2","number":"72","numberFrame":"bi-1623","points":{"address":"c\u0443\u0432\u043e\u0440\u043e\u0432\u0430 52\u0430","serverId":"1","title":"\u0441\u0443\u0432\u043e\u0440\u043e\u0432\u0430"},"serverId":"177","state":4,"countRents":0},{"tarif":{"name":"","sumDay":0,"sumPerHour":0,"sumTsDay":0},"idGroup":1,"idParent":1,"model":"gt agressor","number":"75","numberFrame":"mngs007100513","points":{"address":"c\u0443\u0432\u043e\u0440\u043e\u0432\u0430 52\u0430","serverId":"1","title":"\u0441\u0443\u0432\u043e\u0440\u043e\u0432\u0430"},"serverId":"179","state":4,"countRents":0},{"tarif":{"name":"","sumDay":0,"sumPerHour":0,"sumTsDay":0},"idGroup":1,"idParent":1,"model":"stark","number":"76","numberFrame":"saipk01662","points":{"address":"c\u0443\u0432\u043e\u0440\u043e\u0432\u0430 52\u0430","serverId":"1","title":"\u0441\u0443\u0432\u043e\u0440\u043e\u0432\u0430"},"serverId":"180","state":4,"countRents":0},{"tarif":{"sumDay":350,"sumPerHour":0,"sumTsDay":0},"idGroup":1,"idParent":1,"model":"Scope","number":"83","numberFrame":"yla13130a","points":{"address":"c\u0443\u0432\u043e\u0440\u043e\u0432\u0430 52\u0430","serverId":"1","title":"\u0441\u0443\u0432\u043e\u0440\u043e\u0432\u0430"},"serverId":"184","state":4,"countRents":0},{"tarif":{"sumDay":350,"sumPerHour":0,"sumTsDay":0},"idGroup":1,"idParent":1,"model":"Haro BMX","number":"84","numberFrame":" POW8J0886","points":{"address":"c\u0443\u0432\u043e\u0440\u043e\u0432\u0430 52\u0430","serverId":"1","title":"\u0441\u0443\u0432\u043e\u0440\u043e\u0432\u0430"},"serverId":"185","state":4,"countRents":0},{"tarif":{"sumDay":350,"sumPerHour":0,"sumTsDay":0},"idGroup":1,"idParent":1,"model":"Stern Motion 3.0","number":"89","numberFrame":"AT111107415","points":{"address":"c\u0443\u0432\u043e\u0440\u043e\u0432\u0430 52\u0430","serverId":"1","title":"\u0441\u0443\u0432\u043e\u0440\u043e\u0432\u0430"},"serverId":"187","state":4,"countRents":0},{"tarif":{"name":"","sumDay":0,"sumPerHour":0,"sumTsDay":0},"idGroup":1,"idParent":1,"model":"TopGear Sigma 225","number":"90","numberFrame":"U5048030","points":{"address":"c\u0443\u0432\u043e\u0440\u043e\u0432\u0430 52\u0430","serverId":"1","title":"\u0441\u0443\u0432\u043e\u0440\u043e\u0432\u0430"},"serverId":"188","state":4,"countRents":0},{"tarif":{"sumDay":350,"sumPerHour":0,"sumTsDay":0},"idGroup":1,"idParent":1,"model":"stels navigator 500","number":"91","numberFrame":"S08A027084","points":{"address":"c\u0443\u0432\u043e\u0440\u043e\u0432\u0430 52\u0430","serverId":"1","title":"\u0441\u0443\u0432\u043e\u0440\u043e\u0432\u0430"},"serverId":"189","state":4,"countRents":0},{"tarif":{"name":"","sumDay":0,"sumPerHour":0,"sumTsDay":0},"idGroup":1,"idParent":1,"model":"stels navigator 610","number":"92","numberFrame":"XL13L058083","points":{"address":"c\u0443\u0432\u043e\u0440\u043e\u0432\u0430 52\u0430","serverId":"1","title":"\u0441\u0443\u0432\u043e\u0440\u043e\u0432\u0430"},"serverId":"190","state":4,"countRents":0},{"tarif":{"sumDay":300,"sumPerHour":0,"sumTsDay":0},"idGroup":1,"idParent":1,"model":"stels navigator 610","number":"93","numberFrame":"xL13L050260","points":{"address":"c\u0443\u0432\u043e\u0440\u043e\u0432\u0430 52\u0430","serverId":"1","title":"\u0441\u0443\u0432\u043e\u0440\u043e\u0432\u0430"},"serverId":"191","state":4,"countRents":0},{"tarif":{"sumDay":800,"sumPerHour":0,"sumTsDay":0},"idGroup":1,"idParent":1,"model":"stels navigator 610","number":"96","numberFrame":"XL13L067047","points":{"address":"c\u0443\u0432\u043e\u0440\u043e\u0432\u0430 52\u0430","serverId":"1","title":"\u0441\u0443\u0432\u043e\u0440\u043e\u0432\u0430"},"serverId":"192","state":4,"countRents":0},{"tarif":{"sumDay":600,"sumPerHour":0,"sumTsDay":0},"idGroup":1,"idParent":1,"model":"stels navigator 610","number":"97","numberFrame":"XL13L056515","points":{"address":"c\u0443\u0432\u043e\u0440\u043e\u0432\u0430 52\u0430","serverId":"1","title":"\u0441\u0443\u0432\u043e\u0440\u043e\u0432\u0430"},"serverId":"193","state":4,"countRents":0},{"tarif":{"sumDay":600,"sumPerHour":0,"sumTsDay":0},"idGroup":1,"idParent":1,"model":"stels navigator 610","number":"98","numberFrame":"XL13L051604","points":{"address":"c\u0443\u0432\u043e\u0440\u043e\u0432\u0430 52\u0430","serverId":"1","title":"\u0441\u0443\u0432\u043e\u0440\u043e\u0432\u0430"},"serverId":"194","state":4,"countRents":0},{"tarif":{"name":"","sumDay":0,"sumPerHour":0,"sumTsDay":0},"idGroup":1,"idParent":1,"model":"\u042d\u043b\u0435\u043a\u0442\u0440\u043e \u0432\u0435\u043b\u043e\u0441\u0438\u043f\u0435\u0434","number":"105","points":{"address":"c\u0443\u0432\u043e\u0440\u043e\u0432\u0430 52\u0430","serverId":"1","title":"\u0441\u0443\u0432\u043e\u0440\u043e\u0432\u0430"},"serverId":"197","state":4,"countRents":0},{"tarif":{"name":"","sumDay":0,"sumPerHour":0,"sumTsDay":0},"idGroup":1,"idParent":1,"model":"Schwinn Roadster tri","number":"108","numberFrame":"JNJ13H22541","points":{"address":"c\u0443\u0432\u043e\u0440\u043e\u0432\u0430 52\u0430","serverId":"1","title":"\u0441\u0443\u0432\u043e\u0440\u043e\u0432\u0430"},"serverId":"198","state":4,"countRents":0},{"tarif":{"name":"","sumDay":0,"sumPerHour":0,"sumTsDay":0},"idGroup":1,"idParent":1,"model":"Schwinn Voyageur 2","number":"110","numberFrame":"CM13 G560 761","points":{"address":"c\u0443\u0432\u043e\u0440\u043e\u0432\u0430 52\u0430","serverId":"1","title":"\u0441\u0443\u0432\u043e\u0440\u043e\u0432\u0430"},"serverId":"199","state":4,"countRents":0},{"tarif":{"sumDay":500,"sumPerHour":0,"sumTsDay":0},"idGroup":1,"idParent":1,"model":"Schwinn Voyageur 2","number":"111","numberFrame":"CM13 M547 265","points":{"address":"c\u0443\u0432\u043e\u0440\u043e\u0432\u0430 52\u0430","serverId":"1","title":"\u0441\u0443\u0432\u043e\u0440\u043e\u0432\u0430"},"serverId":"200","state":4,"countRents":0},{"tarif":{"sumDay":300,"sumPerHour":0,"sumTsDay":0},"idGroup":1,"idParent":1,"model":"Schwinn Voyageur 2","number":"112","numberFrame":"CM13 M547 266","points":{"address":"c\u0443\u0432\u043e\u0440\u043e\u0432\u0430 52\u0430","serverId":"1","title":"\u0441\u0443\u0432\u043e\u0440\u043e\u0432\u0430"},"serverId":"201","state":4,"countRents":0},{"tarif":{"sumDay":350,"sumPerHour":0,"sumTsDay":0},"idGroup":1,"idParent":1,"model":"Schwinn Voyageur 2","number":"113","numberFrame":"CM13 M547 250.","points":{"address":"c\u0443\u0432\u043e\u0440\u043e\u0432\u0430 52\u0430","serverId":"1","title":"\u0441\u0443\u0432\u043e\u0440\u043e\u0432\u0430"},"serverId":"202","state":4,"countRents":0},{"tarif":{"name":"","sumDay":0,"sumPerHour":0,"sumTsDay":0},"idGroup":1,"idParent":1,"model":"Schwinn Voyageur 2","number":"114","numberFrame":"CM13 M547 255","points":{"address":"c\u0443\u0432\u043e\u0440\u043e\u0432\u0430 52\u0430","serverId":"1","title":"\u0441\u0443\u0432\u043e\u0440\u043e\u0432\u0430"},"serverId":"203","state":4,"countRents":0},{"tarif":{"sumDay":100,"sumPerHour":0,"sumTsDay":0},"idGroup":1,"idParent":1,"model":"Schwinn Voyageur 2","number":"115","numberFrame":"CM13 G532 844","points":{"address":"c\u0443\u0432\u043e\u0440\u043e\u0432\u0430 52\u0430","serverId":"1","title":"\u0441\u0443\u0432\u043e\u0440\u043e\u0432\u0430"},"serverId":"204","state":4,"countRents":0},{"tarif":{"sumDay":350,"sumPerHour":0,"sumTsDay":0},"idGroup":1,"idParent":1,"model":"Schwinn Voyageur 2","number":"116","numberFrame":"CM13 G532 788","points":{"address":"c\u0443\u0432\u043e\u0440\u043e\u0432\u0430 52\u0430","serverId":"1","title":"\u0441\u0443\u0432\u043e\u0440\u043e\u0432\u0430"},"serverId":"205","state":4,"countRents":0},{"tarif":{"name":"Gopro 3+","sumDay":0,"sumPerHour":0,"sumTsDay":0},"idGroup":1,"idParent":1,"model":"Schwinn Voyageur 2","number":"117","numberFrame":"CM13 M547 257","points":{"address":"c\u0443\u0432\u043e\u0440\u043e\u0432\u0430 52\u0430","serverId":"1","title":"\u0441\u0443\u0432\u043e\u0440\u043e\u0432\u0430"},"serverId":"206","state":4,"countRents":0},{"tarif":{"name":"","sumDay":0,"sumPerHour":0,"sumTsDay":0},"idGroup":1,"idParent":1,"model":"Schwinn Voyageur 2","number":"118","numberFrame":"CM13 G532 815","points":{"address":"c\u0443\u0432\u043e\u0440\u043e\u0432\u0430 52\u0430","serverId":"1","title":"\u0441\u0443\u0432\u043e\u0440\u043e\u0432\u0430"},"serverId":"207","state":4,"countRents":0},{"tarif":{"sumDay":0,"sumPerHour":0,"sumTsDay":0},"idGroup":1,"idParent":1,"model":"Schwinn Voyageur 2","number":"119","numberFrame":"CM13 M547 261","points":{"address":"c\u0443\u0432\u043e\u0440\u043e\u0432\u0430 52\u0430","serverId":"1","title":"\u0441\u0443\u0432\u043e\u0440\u043e\u0432\u0430"},"serverId":"208","state":4,"countRents":0},{"tarif":{"name":"","sumDay":0,"sumPerHour":0,"sumTsDay":0},"idGroup":1,"idParent":1,"model":"Schwinn Tango Tandem","number":"120","numberFrame":"CM13L547412","points":{"address":"c\u0443\u0432\u043e\u0440\u043e\u0432\u0430 52\u0430","serverId":"1","title":"\u0441\u0443\u0432\u043e\u0440\u043e\u0432\u0430"},"serverId":"209","state":4,"countRents":0},{"tarif":{"name":"","sumDay":0,"sumPerHour":0,"sumTsDay":0},"idGroup":1,"idParent":1,"model":"Schwinn Tango Tandem","number":"121","numberFrame":"CM13L547391","points":{"address":"c\u0443\u0432\u043e\u0440\u043e\u0432\u0430 52\u0430","serverId":"1","title":"\u0441\u0443\u0432\u043e\u0440\u043e\u0432\u0430"},"serverId":"210","state":4,"countRents":0},{"tarif":{"sumDay":1000,"sumPerHour":0,"sumTsDay":0},"idGroup":1,"idParent":1,"model":"Stels  N\u0410VIGATOR ","number":"122","numberFrame":"Z014763813","points":{"address":"c\u0443\u0432\u043e\u0440\u043e\u0432\u0430 52\u0430","serverId":"1","title":"\u0441\u0443\u0432\u043e\u0440\u043e\u0432\u0430"},"serverId":"211","state":4,"countRents":0},{"tarif":{"sumDay":500,"sumPerHour":0,"sumTsDay":0},"idGroup":1,"idParent":1,"model":"Stels  N\u0410VIGATOR ","number":"123","numberFrame":"ZO12724413","points":{"address":"c\u0443\u0432\u043e\u0440\u043e\u0432\u0430 52\u0430","serverId":"1","title":"\u0441\u0443\u0432\u043e\u0440\u043e\u0432\u0430"},"serverId":"212","state":4,"countRents":0},{"tarif":{"sumDay":100,"sumPerHour":0,"sumTsDay":0},"idGroup":1,"idParent":1,"model":"Stels  N\u0410VIGATOR ","number":"124","numberFrame":"XL13JO38142","points":{"address":"c\u0443\u0432\u043e\u0440\u043e\u0432\u0430 52\u0430","serverId":"1","title":"\u0441\u0443\u0432\u043e\u0440\u043e\u0432\u0430"},"serverId":"213","state":4,"countRents":0},{"tarif":{"name":"","sumDay":0,"sumPerHour":0,"sumTsDay":0},"idGroup":1,"idParent":1,"model":"Stels  N\u0410VIGATOR ","number":"125","numberFrame":"XL13JO38000","points":{"address":"c\u0443\u0432\u043e\u0440\u043e\u0432\u0430 52\u0430","serverId":"1","title":"\u0441\u0443\u0432\u043e\u0440\u043e\u0432\u0430"},"serverId":"214","state":4,"countRents":0},{"tarif":{"sumDay":100,"sumPerHour":0,"sumTsDay":0},"idGroup":1,"idParent":1,"model":"Stels  N\u0410VIGATOR ","number":"126","numberFrame":"Z014649613","points":{"address":"c\u0443\u0432\u043e\u0440\u043e\u0432\u0430 52\u0430","serverId":"1","title":"\u0441\u0443\u0432\u043e\u0440\u043e\u0432\u0430"},"serverId":"215","state":4,"countRents":0},{"tarif":{"sumDay":1000,"sumPerHour":0,"sumTsDay":0},"idGroup":1,"idParent":1,"model":"Stels  N\u0410VIGATOR ","number":"127","numberFrame":"z0263723","points":{"address":"c\u0443\u0432\u043e\u0440\u043e\u0432\u0430 52\u0430","serverId":"1","title":"\u0441\u0443\u0432\u043e\u0440\u043e\u0432\u0430"},"serverId":"216","state":4,"countRents":0},{"tarif":{"name":"Gopro 3+","sumDay":0,"sumPerHour":0,"sumTsDay":0},"idGroup":1,"idParent":1,"model":"\u0440\u0438\u043a\u0448\u0430","number":"129","numberFrame":"w120739067","points":{"address":"c\u0443\u0432\u043e\u0440\u043e\u0432\u0430 52\u0430","serverId":"1","title":"\u0441\u0443\u0432\u043e\u0440\u043e\u0432\u0430"},"serverId":"217","state":4,"countRents":0},{"tarif":{"sumDay":300,"sumPerHour":0,"sumTsDay":0},"idGroup":1,"idParent":1,"model":"Pigeon special ","number":"130","numberFrame":"FC100327","points":{"address":"c\u0443\u0432\u043e\u0440\u043e\u0432\u0430 52\u0430","serverId":"1","title":"\u0441\u0443\u0432\u043e\u0440\u043e\u0432\u0430"},"serverId":"218","state":4,"countRents":0},{"tarif":{"sumDay":1000,"sumPerHour":0,"sumTsDay":0},"idGroup":1,"idParent":1,"model":"\u0420\u0438\u043a\u0448\u0430","number":"131","numberFrame":"","points":{"address":"c\u0443\u0432\u043e\u0440\u043e\u0432\u0430 52\u0430","serverId":"1","title":"\u0441\u0443\u0432\u043e\u0440\u043e\u0432\u0430"},"serverId":"219","state":4,"countRents":0},{"tarif":{"sumDay":0,"sumPerHour":0,"sumTsDay":0},"idGroup":1,"idParent":1,"model":"trek alpaha","number":"132","numberFrame":"336C0129D\/TDI-2193","points":{"address":"c\u0443\u0432\u043e\u0440\u043e\u0432\u0430 52\u0430","serverId":"1","title":"\u0441\u0443\u0432\u043e\u0440\u043e\u0432\u0430"},"serverId":"220","state":4,"countRents":0},{"tarif":{"sumDay":350,"sumPerHour":0,"sumTsDay":0},"idGroup":1,"idParent":1,"model":"Trek alpha 3900","number":"134","numberFrame":"WTU 022C0015A","points":{"address":"c\u0443\u0432\u043e\u0440\u043e\u0432\u0430 52\u0430","serverId":"1","title":"\u0441\u0443\u0432\u043e\u0440\u043e\u0432\u0430"},"serverId":"221","state":4,"countRents":0},{"tarif":{"sumDay":300,"sumPerHour":0,"sumTsDay":0},"idGroup":1,"idParent":1,"model":"stels navigator 610","number":"136","numberFrame":"XL13KO36654","points":{"address":"c\u0443\u0432\u043e\u0440\u043e\u0432\u0430 52\u0430","serverId":"1","title":"\u0441\u0443\u0432\u043e\u0440\u043e\u0432\u0430"},"serverId":"223","state":4,"countRents":0},{"tarif":{"name":"","sumDay":0,"sumPerHour":0,"sumTsDay":0},"idGroup":1,"idParent":1,"model":"stels navigator 610","number":"137","numberFrame":"XL13ko36945","points":{"address":"c\u0443\u0432\u043e\u0440\u043e\u0432\u0430 52\u0430","serverId":"1","title":"\u0441\u0443\u0432\u043e\u0440\u043e\u0432\u0430"},"serverId":"224","state":4,"countRents":0},{"tarif":{"sumDay":350,"sumPerHour":0,"sumTsDay":0},"idGroup":1,"idParent":1,"model":"stels navigator 610","number":"138","numberFrame":"XL13KO36945","points":{"address":"c\u0443\u0432\u043e\u0440\u043e\u0432\u0430 52\u0430","serverId":"1","title":"\u0441\u0443\u0432\u043e\u0440\u043e\u0432\u0430"},"serverId":"225","state":4,"countRents":0},{"tarif":{"name":"","sumDay":0,"sumPerHour":0,"sumTsDay":0},"idGroup":1,"idParent":1,"model":"stels miss 6000","number":"146","numberFrame":"XL13KO8691","points":{"address":"c\u0443\u0432\u043e\u0440\u043e\u0432\u0430 52\u0430","serverId":"1","title":"\u0441\u0443\u0432\u043e\u0440\u043e\u0432\u0430"},"serverId":"227","state":4,"countRents":0},{"tarif":{"name":"","sumDay":0,"sumPerHour":0,"sumTsDay":0},"idGroup":1,"idParent":1,"model":"stels miss 6000","number":"147","numberFrame":"XL13KO8823","points":{"address":"c\u0443\u0432\u043e\u0440\u043e\u0432\u0430 52\u0430","serverId":"1","title":"\u0441\u0443\u0432\u043e\u0440\u043e\u0432\u0430"},"serverId":"228","state":4,"countRents":0},{"tarif":{"name":"","sumDay":0,"sumPerHour":0,"sumTsDay":0},"idGroup":1,"idParent":1,"model":"stels miss 6000","number":"148","numberFrame":"XL13KO8847","points":{"address":"c\u0443\u0432\u043e\u0440\u043e\u0432\u0430 52\u0430","serverId":"1","title":"\u0441\u0443\u0432\u043e\u0440\u043e\u0432\u0430"},"serverId":"229","state":4,"countRents":0},{"tarif":{"sumDay":100,"sumPerHour":0,"sumTsDay":0},"idGroup":1,"idParent":1,"model":"Stern 1. 0","number":"149","numberFrame":"VM613210","points":{"address":"c\u0443\u0432\u043e\u0440\u043e\u0432\u0430 52\u0430","serverId":"1","title":"\u0441\u0443\u0432\u043e\u0440\u043e\u0432\u0430"},"serverId":"230","state":4,"countRents":0},{"tarif":{"sumDay":300,"sumPerHour":0,"sumTsDay":0},"idGroup":1,"idParent":1,"model":"\u0421\u0430\u043c\u043e\u043a\u0430\u0442 \u041a\u0443\u0441\u0442\u044b","number":"151","points":{"address":"c\u0443\u0432\u043e\u0440\u043e\u0432\u0430 52\u0430","serverId":"1","title":"\u0441\u0443\u0432\u043e\u0440\u043e\u0432\u0430"},"serverId":"232","state":4,"countRents":0},{"tarif":{"sumDay":300,"sumPerHour":0,"sumTsDay":0},"idGroup":1,"idParent":1,"model":"\u0414\u0435\u0442\u0441\u043a\u0438\u0439 \u043f\u0440\u0438\u0446\u0435\u043f \u0434\u043b\u044f \u0432","number":"152","points":{"address":"c\u0443\u0432\u043e\u0440\u043e\u0432\u0430 52\u0430","serverId":"1","title":"\u0441\u0443\u0432\u043e\u0440\u043e\u0432\u0430"},"serverId":"233","state":4,"countRents":0},{"tarif":{"sumDay":150,"sumPerHour":0,"sumTsDay":0},"idGroup":1,"idParent":1,"model":"Look","number":"153","numberFrame":"55k113504","points":{"address":"c\u0443\u0432\u043e\u0440\u043e\u0432\u0430 52\u0430","serverId":"1","title":"\u0441\u0443\u0432\u043e\u0440\u043e\u0432\u0430"},"serverId":"234","state":4,"countRents":0},{"tarif":{"sumDay":350,"sumPerHour":0,"sumTsDay":0},"idGroup":1,"idParent":1,"model":"stern dynamic ","number":"154","numberFrame":"v412632","points":{"address":"c\u0443\u0432\u043e\u0440\u043e\u0432\u0430 52\u0430","serverId":"1","title":"\u0441\u0443\u0432\u043e\u0440\u043e\u0432\u0430"},"serverId":"235","state":4,"countRents":0},{"tarif":{"sumDay":300,"sumPerHour":0,"sumTsDay":0},"idGroup":1,"idParent":1,"model":" bulls wildcross aa3","number":"157","numberFrame":"OO160601","points":{"address":"c\u0443\u0432\u043e\u0440\u043e\u0432\u0430 52\u0430","serverId":"1","title":"\u0441\u0443\u0432\u043e\u0440\u043e\u0432\u0430"},"serverId":"236","state":4,"countRents":0},{"tarif":{"sumDay":350,"sumPerHour":0,"sumTsDay":0},"idGroup":1,"idParent":1,"model":"Electra bicyclecd","number":"162","numberFrame":"EAC 2400500","points":{"address":"c\u0443\u0432\u043e\u0440\u043e\u0432\u0430 52\u0430","serverId":"1","title":"\u0441\u0443\u0432\u043e\u0440\u043e\u0432\u0430"},"serverId":"240","state":4,"countRents":0},{"tarif":{"sumDay":700,"sumPerHour":0,"sumTsDay":0},"idGroup":1,"idParent":1,"model":"Electra","number":"163","numberFrame":"LW2D06913","points":{"address":"c\u0443\u0432\u043e\u0440\u043e\u0432\u0430 52\u0430","serverId":"1","title":"\u0441\u0443\u0432\u043e\u0440\u043e\u0432\u0430"},"serverId":"241","state":4,"countRents":0},{"tarif":{"sumDay":100,"sumPerHour":0,"sumTsDay":0},"idGroup":1,"idParent":1,"model":"Stels Navigator 410","number":"165","numberFrame":"xd6100975","points":{"address":"c\u0443\u0432\u043e\u0440\u043e\u0432\u0430 52\u0430","serverId":"1","title":"\u0441\u0443\u0432\u043e\u0440\u043e\u0432\u0430"},"serverId":"242","state":4,"countRents":0},{"tarif":{"name":"","sumDay":0,"sumPerHour":0,"sumTsDay":0},"idGroup":1,"idParent":1,"model":"Stels Navigator 340","number":"166","numberFrame":"XL13J039040","points":{"address":"c\u0443\u0432\u043e\u0440\u043e\u0432\u0430 52\u0430","serverId":"1","title":"\u0441\u0443\u0432\u043e\u0440\u043e\u0432\u0430"},"serverId":"243","state":4,"countRents":0},{"tarif":{"sumDay":1000,"sumPerHour":0,"sumTsDay":0},"idGroup":1,"idParent":1,"model":"Stels Navigator 340","number":"167","numberFrame":"XL13J039250","points":{"address":"c\u0443\u0432\u043e\u0440\u043e\u0432\u0430 52\u0430","serverId":"1","title":"\u0441\u0443\u0432\u043e\u0440\u043e\u0432\u0430"},"serverId":"244","state":4,"countRents":0},{"tarif":{"sumDay":350,"sumPerHour":0,"sumTsDay":0},"idGroup":1,"idParent":1,"model":"Stels Navigator 340","number":"169","numberFrame":"XL13J038870","points":{"address":"c\u0443\u0432\u043e\u0440\u043e\u0432\u0430 52\u0430","serverId":"1","title":"\u0441\u0443\u0432\u043e\u0440\u043e\u0432\u0430"},"serverId":"246","state":4,"countRents":0},{"tarif":{"name":"","sumDay":0,"sumPerHour":0,"sumTsDay":0},"idGroup":1,"idParent":1,"model":"Stels Navigator 340","number":"170","numberFrame":"XL13J038458","points":{"address":"c\u0443\u0432\u043e\u0440\u043e\u0432\u0430 52\u0430","serverId":"1","title":"\u0441\u0443\u0432\u043e\u0440\u043e\u0432\u0430"},"serverId":"247","state":4,"countRents":0},{"tarif":{"sumDay":100,"sumPerHour":0,"sumTsDay":0},"idGroup":1,"idParent":1,"model":"Stels Navigator 340","number":"171","numberFrame":"XL13J040064","points":{"address":"c\u0443\u0432\u043e\u0440\u043e\u0432\u0430 52\u0430","serverId":"1","title":"\u0441\u0443\u0432\u043e\u0440\u043e\u0432\u0430"},"serverId":"248","state":4,"countRents":0},{"tarif":{"name":"Gopro 3+","sumDay":0,"sumPerHour":0,"sumTsDay":0},"idGroup":1,"idParent":1,"model":"Stels Navigator 340","number":"172","numberFrame":"XL13J038827","points":{"address":"c\u0443\u0432\u043e\u0440\u043e\u0432\u0430 52\u0430","serverId":"1","title":"\u0441\u0443\u0432\u043e\u0440\u043e\u0432\u0430"},"serverId":"249","state":4,"countRents":0},{"tarif":{"sumDay":350,"sumPerHour":0,"sumTsDay":0},"idGroup":1,"idParent":1,"model":"Stels Navigator 340","number":"173","numberFrame":"XL13J038930","points":{"address":"c\u0443\u0432\u043e\u0440\u043e\u0432\u0430 52\u0430","serverId":"1","title":"\u0441\u0443\u0432\u043e\u0440\u043e\u0432\u0430"},"serverId":"250","state":4,"countRents":0},{"tarif":{"sumDay":150,"sumPerHour":0,"sumTsDay":0},"idGroup":1,"idParent":1,"model":"Stels Navigator 340","number":"174","numberFrame":"XL13J038030","points":{"address":"c\u0443\u0432\u043e\u0440\u043e\u0432\u0430 52\u0430","serverId":"1","title":"\u0441\u0443\u0432\u043e\u0440\u043e\u0432\u0430"},"serverId":"251","state":4,"countRents":0},{"tarif":{"sumDay":350,"sumPerHour":0,"sumTsDay":0},"idGroup":1,"idParent":1,"model":"Stels Navigator 340","number":"175","numberFrame":"XL13J039218","points":{"address":"c\u0443\u0432\u043e\u0440\u043e\u0432\u0430 52\u0430","serverId":"1","title":"\u0441\u0443\u0432\u043e\u0440\u043e\u0432\u0430"},"serverId":"252","state":4,"countRents":0},{"tarif":{"sumDay":300,"sumPerHour":0,"sumTsDay":0},"idGroup":1,"idParent":1,"model":"Stels Navigator 130","number":"176","numberFrame":"S13G000452","points":{"address":"c\u0443\u0432\u043e\u0440\u043e\u0432\u0430 52\u0430","serverId":"1","title":"\u0441\u0443\u0432\u043e\u0440\u043e\u0432\u0430"},"serverId":"253","state":4,"countRents":0},{"tarif":{"sumDay":350,"sumPerHour":0,"sumTsDay":0},"idGroup":1,"idParent":1,"model":"Stels Navigator 130","number":"177","numberFrame":"S13G000470","points":{"address":"c\u0443\u0432\u043e\u0440\u043e\u0432\u0430 52\u0430","serverId":"1","title":"\u0441\u0443\u0432\u043e\u0440\u043e\u0432\u0430"},"serverId":"254","state":4,"countRents":0},{"tarif":{"sumDay":500,"sumPerHour":0,"sumTsDay":0},"idGroup":1,"idParent":1,"model":"Stels Navigator 290","number":"178","numberFrame":"S14A031753","points":{"address":"c\u0443\u0432\u043e\u0440\u043e\u0432\u0430 52\u0430","serverId":"1","title":"\u0441\u0443\u0432\u043e\u0440\u043e\u0432\u0430"},"serverId":"255","state":4,"countRents":0},{"tarif":{"sumDay":1000,"sumPerHour":0,"sumTsDay":0},"idGroup":1,"idParent":1,"model":"Stels Navigator 290","number":"179","numberFrame":"S14A031664","points":{"address":"c\u0443\u0432\u043e\u0440\u043e\u0432\u0430 52\u0430","serverId":"1","title":"\u0441\u0443\u0432\u043e\u0440\u043e\u0432\u0430"},"serverId":"256","state":4,"countRents":0},{"tarif":{"name":"","sumDay":0,"sumPerHour":0,"sumTsDay":0},"idGroup":1,"idParent":1,"model":"\u0422rek \u0434\u0435\u0442\u0441\u043a\u0438\u0439 \u043f\u0440\u0438\u0446\u0435\u043f","number":"180","numberFrame":"WTU073CS0145J","points":{"address":"c\u0443\u0432\u043e\u0440\u043e\u0432\u0430 52\u0430","serverId":"1","title":"\u0441\u0443\u0432\u043e\u0440\u043e\u0432\u0430"},"serverId":"257","state":4,"countRents":0},{"tarif":{"sumDay":500,"sumPerHour":0,"sumTsDay":0},"idGroup":1,"idParent":1,"model":"\u0416\u0435\u043b\u0442\u044b\u0439 \u0432\u0435\u043b\u0438\u043a \u0434\u0435\u0442\u0441\u043a\u0438\u0439","number":"182","points":{"address":"c\u0443\u0432\u043e\u0440\u043e\u0432\u0430 52\u0430","serverId":"1","title":"\u0441\u0443\u0432\u043e\u0440\u043e\u0432\u0430"},"serverId":"258","state":4,"countRents":0},{"tarif":{"sumDay":600,"sumPerHour":0,"sumTsDay":0},"idGroup":1,"idParent":1,"model":"Stels Navigator 570","number":"183","numberFrame":"S6B006007","points":{"address":"c\u0443\u0432\u043e\u0440\u043e\u0432\u0430 52\u0430","serverId":"1","title":"\u0441\u0443\u0432\u043e\u0440\u043e\u0432\u0430"},"serverId":"259","state":4,"countRents":0},{"tarif":{"name":"","sumDay":0,"sumPerHour":0,"sumTsDay":0},"idGroup":1,"idParent":1,"model":"\u0421\u043e\u044e\u0437","number":"184","numberFrame":"S710096593","points":{"address":"c\u0443\u0432\u043e\u0440\u043e\u0432\u0430 52\u0430","serverId":"1","title":"\u0441\u0443\u0432\u043e\u0440\u043e\u0432\u0430"},"serverId":"260","state":4,"countRents":0},{"tarif":{"name":"","sumDay":0,"sumPerHour":0,"sumTsDay":0},"idGroup":1,"idParent":1,"model":"Cinelli-185","number":"185","numberFrame":"6MCL532364","points":{"address":"c\u0443\u0432\u043e\u0440\u043e\u0432\u0430 52\u0430","serverId":"1","title":"\u0441\u0443\u0432\u043e\u0440\u043e\u0432\u0430"},"serverId":"261","state":4,"countRents":0},{"tarif":{"sumDay":600,"sumPerHour":0,"sumTsDay":0},"idGroup":1,"idParent":1,"model":"Kross level A2","number":"186","numberFrame":"LY2A011914 (EN14766)","points":{"address":"c\u0443\u0432\u043e\u0440\u043e\u0432\u0430 52\u0430","serverId":"1","title":"\u0441\u0443\u0432\u043e\u0440\u043e\u0432\u0430"},"serverId":"262","state":4,"countRents":0},{"tarif":{"sumDay":150,"sumPerHour":0,"sumTsDay":0},"idGroup":1,"idParent":1,"model":"Stels Navigator 930","number":"187","numberFrame":"S07C116274","points":{"address":"c\u0443\u0432\u043e\u0440\u043e\u0432\u0430 52\u0430","serverId":"1","title":"\u0441\u0443\u0432\u043e\u0440\u043e\u0432\u0430"},"serverId":"263","state":4,"countRents":0},{"tarif":{"name":"","sumDay":0,"sumPerHour":0,"sumTsDay":0},"idGroup":1,"idParent":1,"model":"\u0421\u0442\u0440\u0438\u0436 \u0441\u0438\u043d\u0438\u0439 \u0434\u0435\u0442\u0441\u043a\u0438\u0439","number":"189","numberFrame":"WL059363","points":{"address":"c\u0443\u0432\u043e\u0440\u043e\u0432\u0430 52\u0430","serverId":"1","title":"\u0441\u0443\u0432\u043e\u0440\u043e\u0432\u0430"},"serverId":"264","state":4,"countRents":0},{"tarif":{"sumDay":300,"sumPerHour":0,"sumTsDay":0},"idGroup":1,"idParent":1,"model":"polygon blizzard","number":"190","numberFrame":"81027777","points":{"address":"c\u0443\u0432\u043e\u0440\u043e\u0432\u0430 52\u0430","serverId":"1","title":"\u0441\u0443\u0432\u043e\u0440\u043e\u0432\u0430"},"serverId":"265","state":4,"countRents":0},{"tarif":{"name":"","sumDay":0,"sumPerHour":0,"sumTsDay":0},"idGroup":1,"idParent":2,"model":"\u041b\u043e\u043d\u0433\u0431\u043e\u0440\u0434","number":"500","numberFrame":"","points":{"address":"c\u0443\u0432\u043e\u0440\u043e\u0432\u0430 52\u0430","serverId":"1","title":"\u0441\u0443\u0432\u043e\u0440\u043e\u0432\u0430"},"serverId":"266","state":4,"countRents":0},{"tarif":{"sumDay":350,"sumPerHour":0,"sumTsDay":0},"idGroup":1,"idParent":2,"model":"\u0421\u043a\u0435\u0439\u0442\u0431\u043e\u0440\u0434 ROGERS","number":"501","numberFrame":"","points":{"address":"c\u0443\u0432\u043e\u0440\u043e\u0432\u0430 52\u0430","serverId":"1","title":"\u0441\u0443\u0432\u043e\u0440\u043e\u0432\u0430"},"serverId":"267","state":4,"countRents":0},{"tarif":{"sumDay":600,"sumPerHour":0,"sumTsDay":0},"idGroup":1,"idParent":2,"model":"\u0421\u043a\u0435\u0439\u0442\u0431\u043e\u0440\u0434 KROWN","number":"502","numberFrame":"","points":{"address":"c\u0443\u0432\u043e\u0440\u043e\u0432\u0430 52\u0430","serverId":"1","title":"\u0441\u0443\u0432\u043e\u0440\u043e\u0432\u0430"},"serverId":"268","state":4,"countRents":0},{"tarif":{"name":"","sumDay":0,"sumPerHour":0,"sumTsDay":0},"idGroup":1,"idParent":2,"model":"\u0421\u0430\u043c\u043e\u043a\u0430\u0442 \u0432\u0437\u0440\u043e\u0441\u043b\u044b\u0439 \u0447\u0435\u0440","number":"550","numberFrame":"","points":{"address":"c\u0443\u0432\u043e\u0440\u043e\u0432\u0430 52\u0430","serverId":"1","title":"\u0441\u0443\u0432\u043e\u0440\u043e\u0432\u0430"},"serverId":"269","state":4,"countRents":0},{"tarif":{"name":"","sumDay":0,"sumPerHour":0,"sumTsDay":0},"idGroup":1,"idParent":2,"model":"\u0421\u0430\u043c\u043e\u043a\u0430\u0442 \u0434\u0435\u0442\u0441\u043a\u0438\u0439 \u043e\u0440\u0430\u043d","number":"551","numberFrame":"","points":{"address":"c\u0443\u0432\u043e\u0440\u043e\u0432\u0430 52\u0430","serverId":"1","title":"\u0441\u0443\u0432\u043e\u0440\u043e\u0432\u0430"},"serverId":"270","state":4,"countRents":0},{"tarif":{"sumDay":150,"sumPerHour":0,"sumTsDay":0},"idGroup":1,"idParent":2,"model":"\u0421\u043f\u043c\u043e\u043a\u0430\u0442 \u0434\u0435\u0442\u0441\u043a\u0438\u0439 \u0437\u043e\u043b\u043e","number":"552","numberFrame":"","points":{"address":"c\u0443\u0432\u043e\u0440\u043e\u0432\u0430 52\u0430","serverId":"1","title":"\u0441\u0443\u0432\u043e\u0440\u043e\u0432\u0430"},"serverId":"271","state":4,"countRents":0},{"tarif":{"name":"","sumDay":0,"sumPerHour":0,"sumTsDay":0},"idGroup":1,"idParent":2,"model":"\u0441\u0430\u043c\u043e\u043a\u0430\u0442 \u0434\u0435\u0442\u0441\u043a\u0438\u0439 \u0437\u0435\u043b\u0435","number":"553","numberFrame":"T9101R0343","points":{"address":"c\u0443\u0432\u043e\u0440\u043e\u0432\u0430 52\u0430","serverId":"1","title":"\u0441\u0443\u0432\u043e\u0440\u043e\u0432\u0430"},"serverId":"272","state":4,"countRents":0},{"tarif":{"name":"","sumDay":0,"sumPerHour":0,"sumTsDay":0},"idGroup":1,"idParent":3,"model":"(\u043a\u0440)magnum m1","number":"600","numberFrame":"10 us (43)","points":{"address":"c\u0443\u0432\u043e\u0440\u043e\u0432\u0430 52\u0430","serverId":"1","title":"\u0441\u0443\u0432\u043e\u0440\u043e\u0432\u0430"},"serverId":"273","state":4,"countRents":0},{"tarif":{"sumDay":500,"sumPerHour":0,"sumTsDay":0},"idGroup":1,"idParent":3,"model":"amigo sport ","number":"601","numberFrame":"35-38","points":{"address":"c\u0443\u0432\u043e\u0440\u043e\u0432\u0430 52\u0430","serverId":"1","title":"\u0441\u0443\u0432\u043e\u0440\u043e\u0432\u0430"},"serverId":"274","state":4,"countRents":0},{"tarif":{"sumDay":600,"sumPerHour":0,"sumTsDay":0},"idGroup":1,"idParent":3,"model":"(\u043a\u0440)african leopard","number":"602","numberFrame":"28-31","points":{"address":"c\u0443\u0432\u043e\u0440\u043e\u0432\u0430 52\u0430","serverId":"1","title":"\u0441\u0443\u0432\u043e\u0440\u043e\u0432\u0430"},"serverId":"275","state":4,"countRents":0},{"tarif":{"sumDay":350,"sumPerHour":0,"sumTsDay":0},"idGroup":1,"idParent":3,"model":"(\u043a\u0440)maxcity spark","number":"603","numberFrame":"40-43","points":{"address":"c\u0443\u0432\u043e\u0440\u043e\u0432\u0430 52\u0430","serverId":"1","title":"\u0441\u0443\u0432\u043e\u0440\u043e\u0432\u0430"},"serverId":"276","state":4,"countRents":0},{"tarif":{"sumDay":350,"sumPerHour":0,"sumTsDay":0},"idGroup":1,"idParent":3,"model":"(\u043a\u0440)maxAmigo","number":"604","numberFrame":"38-41","points":{"address":"c\u0443\u0432\u043e\u0440\u043e\u0432\u0430 52\u0430","serverId":"1","title":"\u0441\u0443\u0432\u043e\u0440\u043e\u0432\u0430"},"serverId":"277","state":4,"countRents":0},{"tarif":{"sumDay":300,"sumPerHour":0,"sumTsDay":0},"idGroup":1,"idParent":3,"model":"(\u043a\u0440)\u043a\u0440\u0430\u0441\u043d\u044b\u0435 \u0434\u0435\u0442\u0441\u043a\u0438\u0435","number":"605","points":{"address":"c\u0443\u0432\u043e\u0440\u043e\u0432\u0430 52\u0430","serverId":"1","title":"\u0441\u0443\u0432\u043e\u0440\u043e\u0432\u0430"},"serverId":"278","state":4,"countRents":0},{"tarif":{"sumDay":300,"sumPerHour":0,"sumTsDay":0},"idGroup":1,"idParent":3,"model":"(\u043a\u0440)\u043a\u0438\u0441\u043b\u043e\u0442\u043d\u044b\u0435 \u0436\u0435\u043b\u0435\u0437\u043d","number":"606","points":{"address":"c\u0443\u0432\u043e\u0440\u043e\u0432\u0430 52\u0430","serverId":"1","title":"\u0441\u0443\u0432\u043e\u0440\u043e\u0432\u0430"},"serverId":"279","state":4,"countRents":0},{"tarif":{"sumDay":350,"sumPerHour":0,"sumTsDay":0},"idGroup":1,"idParent":3,"model":"(\u043a\u0440)\u0444\u0438\u043e\u043b\u0435\u0442\u043e\u0432\u044b\u0435 \u0436\u0435\u043b\u0435\u0437","number":"607","points":{"address":"c\u0443\u0432\u043e\u0440\u043e\u0432\u0430 52\u0430","serverId":"1","title":"\u0441\u0443\u0432\u043e\u0440\u043e\u0432\u0430"},"serverId":"280","state":4,"countRents":0},{"tarif":{"sumDay":700,"sumPerHour":0,"sumTsDay":0},"idGroup":1,"idParent":3,"model":"maxcity \u0440\u043e\u0437\u043e\u0432\u044b\u0435 ","number":"611","numberFrame":"38-41","points":{"address":"c\u0443\u0432\u043e\u0440\u043e\u0432\u0430 52\u0430","serverId":"1","title":"\u0441\u0443\u0432\u043e\u0440\u043e\u0432\u0430"},"serverId":"281","state":4,"countRents":0},{"tarif":{"sumDay":600,"sumPerHour":0,"sumTsDay":0},"idGroup":1,"idParent":3,"model":"maxcity \u0441\u0438\u043d\u0438\u0435","number":"612","numberFrame":"35-38","points":{"address":"c\u0443\u0432\u043e\u0440\u043e\u0432\u0430 52\u0430","serverId":"1","title":"\u0441\u0443\u0432\u043e\u0440\u043e\u0432\u0430"},"serverId":"282","state":4,"countRents":0},{"tarif":{"sumDay":100,"sumPerHour":0,"sumTsDay":0},"idGroup":1,"idParent":3,"model":"active fit. 3","number":"613","numberFrame":"37","points":{"address":"c\u0443\u0432\u043e\u0440\u043e\u0432\u0430 52\u0430","serverId":"1","title":"\u0441\u0443\u0432\u043e\u0440\u043e\u0432\u0430"},"serverId":"283","state":4,"countRents":0},{"tarif":{"sumDay":350,"sumPerHour":0,"sumTsDay":0},"idGroup":1,"idParent":3,"model":"(\u043a\u0440)maxcity","number":"614","numberFrame":"46","points":{"address":"c\u0443\u0432\u043e\u0440\u043e\u0432\u0430 52\u0430","serverId":"1","title":"\u0441\u0443\u0432\u043e\u0440\u043e\u0432\u0430"},"serverId":"284","state":4,"countRents":0},{"tarif":{"sumDay":300,"sumPerHour":0,"sumTsDay":0},"idGroup":1,"idParent":3,"model":"maxAmigo (\u0447\u0435\u0440\u043d\u043e-\u0441\u0438\u043d\u0438","number":"619","numberFrame":"38-41","points":{"address":"c\u0443\u0432\u043e\u0440\u043e\u0432\u0430 52\u0430","serverId":"1","title":"\u0441\u0443\u0432\u043e\u0440\u043e\u0432\u0430"},"serverId":"285","state":4,"countRents":0},{"tarif":{"name":"","sumDay":0,"sumPerHour":0,"sumTsDay":0},"idGroup":1,"idParent":3,"model":"oxelo \u0447\u0435\u0440\u043d\u043e-\u0431\u0435\u043b\u044b\u0435 \u0440\u0430","number":"621","numberFrame":"42","points":{"address":"c\u0443\u0432\u043e\u0440\u043e\u0432\u0430 52\u0430","serverId":"1","title":"\u0441\u0443\u0432\u043e\u0440\u043e\u0432\u0430"},"serverId":"286","state":4,"countRents":0},{"tarif":{"sumDay":300,"sumPerHour":0,"sumTsDay":0},"idGroup":1,"idParent":3,"model":"Re:action \u0441\u0435\u0440\u044b\u0435 \u0440\u0430\u0437\u043c","number":"622","numberFrame":"39","points":{"address":"c\u0443\u0432\u043e\u0440\u043e\u0432\u0430 52\u0430","serverId":"1","title":"\u0441\u0443\u0432\u043e\u0440\u043e\u0432\u0430"},"serverId":"287","state":4,"countRents":0},{"tarif":{"sumDay":350,"sumPerHour":0,"sumTsDay":0},"idGroup":1,"idParent":4,"model":"13 \u043c\u043c","numberFrame":"","points":{"address":"c\u0443\u0432\u043e\u0440\u043e\u0432\u0430 52\u0430","serverId":"1","title":"\u0441\u0443\u0432\u043e\u0440\u043e\u0432\u0430"},"serverId":"296","state":4,"countRents":0},{"tarif":{"sumDay":600,"sumPerHour":0,"sumTsDay":0},"idGroup":1,"idParent":4,"model":"14 \u043c\u043c ","numberFrame":"","points":{"address":"c\u0443\u0432\u043e\u0440\u043e\u0432\u0430 52\u0430","serverId":"1","title":"\u0441\u0443\u0432\u043e\u0440\u043e\u0432\u0430"},"serverId":"297","state":4,"countRents":0},{"tarif":{"sumDay":300,"sumPerHour":0,"sumTsDay":0},"idGroup":1,"idParent":4,"model":"15 \u043c\u043c","numberFrame":"","points":{"address":"c\u0443\u0432\u043e\u0440\u043e\u0432\u0430 52\u0430","serverId":"1","title":"\u0441\u0443\u0432\u043e\u0440\u043e\u0432\u0430"},"serverId":"298","state":4,"countRents":0},{"tarif":{"sumDay":1000,"sumPerHour":0,"sumTsDay":0},"idGroup":1,"idParent":4,"model":"15 \u043c\u043c \u043c\u043e\u043d\u0442\u0430\u0436\u043a\u0430 ","numberFrame":"","points":{"address":"c\u0443\u0432\u043e\u0440\u043e\u0432\u0430 52\u0430","serverId":"1","title":"\u0441\u0443\u0432\u043e\u0440\u043e\u0432\u0430"},"serverId":"299","state":4,"countRents":0},{"tarif":{"sumDay":300,"sumPerHour":0,"sumTsDay":0},"idGroup":1,"idParent":4,"model":"17 \u043c\u043c","numberFrame":"","points":{"address":"c\u0443\u0432\u043e\u0440\u043e\u0432\u0430 52\u0430","serverId":"1","title":"\u0441\u0443\u0432\u043e\u0440\u043e\u0432\u0430"},"serverId":"300","state":4,"countRents":0},{"tarif":{"sumDay":100,"sumPerHour":0,"sumTsDay":0},"idGroup":1,"idParent":4,"model":"19 \u043c\u043c","numberFrame":"","points":{"address":"c\u0443\u0432\u043e\u0440\u043e\u0432\u0430 52\u0430","serverId":"1","title":"\u0441\u0443\u0432\u043e\u0440\u043e\u0432\u0430"},"serverId":"301","state":4,"countRents":0},{"tarif":{"sumDay":350,"sumPerHour":0,"sumTsDay":0},"idGroup":1,"idParent":4,"model":"\u0440\u0430\u0437\u0432\u043e\u0434\u043d\u043e\u0439 250\u043c\u043c","numberFrame":"","points":{"address":"c\u0443\u0432\u043e\u0440\u043e\u0432\u0430 52\u0430","serverId":"1","title":"\u0441\u0443\u0432\u043e\u0440\u043e\u0432\u0430"},"serverId":"302","state":4,"countRents":0},{"tarif":{"sumDay":350,"sumPerHour":0,"sumTsDay":0},"idGroup":1,"idParent":5,"model":"8\u043c\u043c \u0434\u043b\u0438\u043d\u043d\u044b\u0439","numberFrame":"","points":{"address":"c\u0443\u0432\u043e\u0440\u043e\u0432\u0430 52\u0430","serverId":"1","title":"\u0441\u0443\u0432\u043e\u0440\u043e\u0432\u0430"},"serverId":"303","state":4,"countRents":0},{"tarif":{"sumDay":700,"sumPerHour":0,"sumTsDay":0},"idGroup":1,"idParent":5,"model":"10\u043c\u043c \u0434\u043b\u0438\u043d\u043d\u044b\u0439","numberFrame":"","points":{"address":"c\u0443\u0432\u043e\u0440\u043e\u0432\u0430 52\u0430","serverId":"1","title":"\u0441\u0443\u0432\u043e\u0440\u043e\u0432\u0430"},"serverId":"304","state":4,"countRents":0},{"tarif":{"sumDay":100,"sumPerHour":0,"sumTsDay":0},"idGroup":1,"idParent":5,"model":"\u0442\u0440\u043e\u0439\u043d\u043e\u0439 parktool 4, ","numberFrame":"","points":{"address":"c\u0443\u0432\u043e\u0440\u043e\u0432\u0430 52\u0430","serverId":"1","title":"\u0441\u0443\u0432\u043e\u0440\u043e\u0432\u0430"},"serverId":"305","state":4,"countRents":0},{"tarif":{"sumDay":300,"sumPerHour":0,"sumTsDay":0},"idGroup":1,"idParent":5,"model":"\u043a\u0430\u0440\u0435\u0442\u043e\u0447\u043d\u044b\u0439 \u043a\u043b\u044e\u0447","numberFrame":"","points":{"address":"c\u0443\u0432\u043e\u0440\u043e\u0432\u0430 52\u0430","serverId":"1","title":"\u0441\u0443\u0432\u043e\u0440\u043e\u0432\u0430"},"serverId":"306","state":4,"countRents":0},{"tarif":{"sumDay":800,"sumPerHour":0,"sumTsDay":0},"idGroup":1,"idParent":5,"model":"BikeHand 30-32-36-40","numberFrame":"","points":{"address":"c\u0443\u0432\u043e\u0440\u043e\u0432\u0430 52\u0430","serverId":"1","title":"\u0441\u0443\u0432\u043e\u0440\u043e\u0432\u0430"},"serverId":"307","state":4,"countRents":0},{"tarif":{"sumDay":100,"sumPerHour":0,"sumTsDay":0},"idGroup":1,"idParent":5,"model":"\u0437\u0443\u0431\u0438\u043b\u043e ","numberFrame":"","points":{"address":"c\u0443\u0432\u043e\u0440\u043e\u0432\u0430 52\u0430","serverId":"1","title":"\u0441\u0443\u0432\u043e\u0440\u043e\u0432\u0430"},"serverId":"308","state":4,"countRents":0},{"tarif":{"name":"Gopro 3+","sumDay":0,"sumPerHour":0,"sumTsDay":0},"idGroup":1,"idParent":5,"model":"\u043c\u043e\u043d\u0442\u0430\u0436\u043a\u0438 ","numberFrame":"","points":{"address":"c\u0443\u0432\u043e\u0440\u043e\u0432\u0430 52\u0430","serverId":"1","title":"\u0441\u0443\u0432\u043e\u0440\u043e\u0432\u0430"},"serverId":"309","state":4,"countRents":0},{"tarif":{"sumDay":350,"sumPerHour":0,"sumTsDay":0},"idGroup":1,"idParent":5,"model":"\u043d\u043e\u0436\u043d\u0438\u0446\u044b","numberFrame":"","points":{"address":"c\u0443\u0432\u043e\u0440\u043e\u0432\u0430 52\u0430","serverId":"1","title":"\u0441\u0443\u0432\u043e\u0440\u043e\u0432\u0430"},"serverId":"310","state":4,"countRents":0},{"tarif":{"name":"","sumDay":0,"sumPerHour":0,"sumTsDay":0},"idGroup":1,"idParent":5,"model":"\u0448\u0442\u0430\u043d\u0433\u0435\u043d\u0446\u0438\u0440\u043a\u0443\u043b\u044c","numberFrame":"","points":{"address":"c\u0443\u0432\u043e\u0440\u043e\u0432\u0430 52\u0430","serverId":"1","title":"\u0441\u0443\u0432\u043e\u0440\u043e\u0432\u0430"},"serverId":"311","state":4,"countRents":0},{"tarif":{"name":"","sumDay":0,"sumPerHour":0,"sumTsDay":0},"idGroup":1,"idParent":5,"model":"\u041d\u0430\u0431\u043e\u0440 \u0431\u0438\u0442 7 \u0448\u0442","numberFrame":"","points":{"address":"c\u0443\u0432\u043e\u0440\u043e\u0432\u0430 52\u0430","serverId":"1","title":"\u0441\u0443\u0432\u043e\u0440\u043e\u0432\u0430"},"serverId":"312","state":4,"countRents":0},{"tarif":{"sumDay":350,"sumPerHour":0,"sumTsDay":0},"idGroup":1,"idParent":5,"model":"\u041a\u0430\u043d\u0446\u0435\u043b\u044f\u0440\u0441\u043a\u0438\u0439 \u043d\u043e\u0436","numberFrame":"","points":{"address":"c\u0443\u0432\u043e\u0440\u043e\u0432\u0430 52\u0430","serverId":"1","title":"\u0441\u0443\u0432\u043e\u0440\u043e\u0432\u0430"},"serverId":"313","state":4,"countRents":0},{"tarif":{"sumDay":350,"sumPerHour":0,"sumTsDay":0},"idGroup":1,"idParent":5,"model":"\u0421\u0442\u0440\u0443\u0431\u0446\u0438\u043d\u0430 ","numberFrame":"","points":{"address":"c\u0443\u0432\u043e\u0440\u043e\u0432\u0430 52\u0430","serverId":"1","title":"\u0441\u0443\u0432\u043e\u0440\u043e\u0432\u0430"},"serverId":"314","state":4,"countRents":0},{"tarif":{"name":"","sumDay":0,"sumPerHour":0,"sumTsDay":0},"idGroup":1,"idParent":5,"model":"\u041f\u0435\u0440\u0435\u0445\u043e\u0434\u043d\u0438\u043a \u0432\u0435\u043b\u043e-\u0430\u0432\u0442\u043e","numberFrame":"","points":{"address":"c\u0443\u0432\u043e\u0440\u043e\u0432\u0430 52\u0430","serverId":"1","title":"\u0441\u0443\u0432\u043e\u0440\u043e\u0432\u0430"},"serverId":"315","state":4,"countRents":0},{"tarif":{"sumDay":0,"sumPerHour":0,"sumTsDay":0},"idGroup":1,"idParent":6,"model":"blackfire (\u0441-bf)","numberFrame":"157","points":{"address":"c\u0443\u0432\u043e\u0440\u043e\u0432\u0430 52\u0430","serverId":"1","title":"\u0441\u0443\u0432\u043e\u0440\u043e\u0432\u0430"},"serverId":"316","state":4,"countRents":0},{"tarif":{"sumDay":100,"sumPerHour":0,"sumTsDay":0},"idGroup":1,"idParent":6,"model":"Strike Bone(c-sb)","numberFrame":"160","points":{"address":"c\u0443\u0432\u043e\u0440\u043e\u0432\u0430 52\u0430","serverId":"1","title":"\u0441\u0443\u0432\u043e\u0440\u043e\u0432\u0430"},"serverId":"317","state":4,"countRents":0},{"tarif":{"sumDay":600,"sumPerHour":0,"sumTsDay":0},"idGroup":1,"idParent":6,"model":"RoyalFlush (c-rf)","numberFrame":"161","points":{"address":"c\u0443\u0432\u043e\u0440\u043e\u0432\u0430 52\u0430","serverId":"1","title":"\u0441\u0443\u0432\u043e\u0440\u043e\u0432\u0430"},"serverId":"318","state":4,"countRents":0},{"tarif":{"name":"","sumDay":0,"sumPerHour":0,"sumTsDay":0},"idGroup":1,"idParent":6,"model":"SC Oop (c-so)","numberFrame":"160","points":{"address":"c\u0443\u0432\u043e\u0440\u043e\u0432\u0430 52\u0430","serverId":"1","title":"\u0441\u0443\u0432\u043e\u0440\u043e\u0432\u0430"},"serverId":"319","state":4,"countRents":0},{"tarif":{"sumDay":350,"sumPerHour":0,"sumTsDay":0},"idGroup":1,"idParent":6,"model":"Black Fire (c- bf)","numberFrame":"159","points":{"address":"c\u0443\u0432\u043e\u0440\u043e\u0432\u0430 52\u0430","serverId":"1","title":"\u0441\u0443\u0432\u043e\u0440\u043e\u0432\u0430"},"serverId":"320","state":4,"countRents":0},{"tarif":{"sumDay":300,"sumPerHour":0,"sumTsDay":0},"idGroup":1,"idParent":6,"model":"SpecialLady  (c - sl","numberFrame":"152","points":{"address":"c\u0443\u0432\u043e\u0440\u043e\u0432\u0430 52\u0430","serverId":"1","title":"\u0441\u0443\u0432\u043e\u0440\u043e\u0432\u0430"},"serverId":"321","state":4,"countRents":0},{"tarif":{"name":"","sumDay":0,"sumPerHour":0,"sumTsDay":0},"idGroup":1,"idParent":6,"model":"BlackFire Scoup 160 ","numberFrame":"160","points":{"address":"c\u0443\u0432\u043e\u0440\u043e\u0432\u0430 52\u0430","serverId":"1","title":"\u0441\u0443\u0432\u043e\u0440\u043e\u0432\u0430"},"serverId":"322","state":4,"countRents":0},{"tarif":{"sumDay":300,"sumPerHour":0,"sumTsDay":0},"idGroup":1,"idParent":6,"model":"Bone targa 151","number":"c8","numberFrame":"151","points":{"address":"c\u0443\u0432\u043e\u0440\u043e\u0432\u0430 52\u0430","serverId":"1","title":"\u0441\u0443\u0432\u043e\u0440\u043e\u0432\u0430"},"serverId":"323","state":4,"countRents":0},{"tarif":{"sumDay":350,"sumPerHour":0,"sumTsDay":0},"idGroup":1,"idParent":7,"model":"BlackFire","numberFrame":"42","points":{"address":"c\u0443\u0432\u043e\u0440\u043e\u0432\u0430 52\u0430","serverId":"1","title":"\u0441\u0443\u0432\u043e\u0440\u043e\u0432\u0430"},"serverId":"324","state":4,"countRents":0},{"tarif":{"sumDay":0,"sumPerHour":0,"sumTsDay":0},"idGroup":1,"idParent":7,"model":"BlackFire","numberFrame":"41","points":{"address":"c\u0443\u0432\u043e\u0440\u043e\u0432\u0430 52\u0430","serverId":"1","title":"\u0441\u0443\u0432\u043e\u0440\u043e\u0432\u0430"},"serverId":"325","state":4,"countRents":0},{"tarif":{"sumDay":350,"sumPerHour":0,"sumTsDay":0},"idGroup":1,"idParent":7,"model":"BlackFire","numberFrame":"44","points":{"address":"c\u0443\u0432\u043e\u0440\u043e\u0432\u0430 52\u0430","serverId":"1","title":"\u0441\u0443\u0432\u043e\u0440\u043e\u0432\u0430"},"serverId":"326","state":4,"countRents":0},{"tarif":{"sumDay":300,"sumPerHour":0,"sumTsDay":0},"idGroup":1,"idParent":7,"model":"BlackFire","numberFrame":"40","points":{"address":"c\u0443\u0432\u043e\u0440\u043e\u0432\u0430 52\u0430","serverId":"1","title":"\u0441\u0443\u0432\u043e\u0440\u043e\u0432\u0430"},"serverId":"327","state":4,"countRents":0},{"tarif":{"name":"","sumDay":0,"sumPerHour":0,"sumTsDay":0},"idGroup":1,"idParent":7,"model":"BlackFire","numberFrame":"39","points":{"address":"c\u0443\u0432\u043e\u0440\u043e\u0432\u0430 52\u0430","serverId":"1","title":"\u0441\u0443\u0432\u043e\u0440\u043e\u0432\u0430"},"serverId":"328","state":4,"countRents":0},{"tarif":{"sumDay":600,"sumPerHour":0,"sumTsDay":0},"idGroup":1,"idParent":7,"model":"BlackFire","numberFrame":"43","points":{"address":"c\u0443\u0432\u043e\u0440\u043e\u0432\u0430 52\u0430","serverId":"1","title":"\u0441\u0443\u0432\u043e\u0440\u043e\u0432\u0430"},"serverId":"329","state":4,"countRents":0},{"tarif":{"name":"","sumDay":0,"sumPerHour":0,"sumTsDay":0},"idGroup":1,"idParent":7,"model":"Bone","numberFrame":"42,5","points":{"address":"c\u0443\u0432\u043e\u0440\u043e\u0432\u0430 52\u0430","serverId":"1","title":"\u0441\u0443\u0432\u043e\u0440\u043e\u0432\u0430"},"serverId":"330","state":4,"countRents":0},{"tarif":{"sumDay":350,"sumPerHour":0,"sumTsDay":0},"idGroup":1,"idParent":7,"model":"wed'ze boogey, 37 ","numberFrame":"37","points":{"address":"c\u0443\u0432\u043e\u0440\u043e\u0432\u0430 52\u0430","serverId":"1","title":"\u0441\u0443\u0432\u043e\u0440\u043e\u0432\u0430"},"serverId":"331","state":4,"countRents":0},{"tarif":{"sumDay":350,"sumPerHour":0,"sumTsDay":0},"idGroup":1,"idParent":8,"model":"Bone","number":"1110","numberFrame":"33-37","points":{"address":"c\u0443\u0432\u043e\u0440\u043e\u0432\u0430 52\u0430","serverId":"1","title":"\u0441\u0443\u0432\u043e\u0440\u043e\u0432\u0430"},"serverId":"332","state":4,"countRents":0},{"tarif":{"sumDay":1000,"sumPerHour":0,"sumTsDay":0},"idGroup":1,"idParent":9,"model":"Rossignol  Xtour int","numberFrame":"195","points":{"address":"c\u0443\u0432\u043e\u0440\u043e\u0432\u0430 52\u0430","serverId":"1","title":"\u0441\u0443\u0432\u043e\u0440\u043e\u0432\u0430"},"serverId":"333","state":4,"countRents":0},{"tarif":{"sumDay":350,"sumPerHour":0,"sumTsDay":0},"idGroup":1,"idParent":9,"model":"Rossignol  Xtour ven","numberFrame":"170","points":{"address":"c\u0443\u0432\u043e\u0440\u043e\u0432\u0430 52\u0430","serverId":"1","title":"\u0441\u0443\u0432\u043e\u0440\u043e\u0432\u0430"},"serverId":"334","state":4,"countRents":0},{"tarif":{"sumDay":600,"sumPerHour":0,"sumTsDay":0},"idGroup":1,"idParent":9,"model":"Rossignol  Xtour ven","numberFrame":"170","points":{"address":"c\u0443\u0432\u043e\u0440\u043e\u0432\u0430 52\u0430","serverId":"1","title":"\u0441\u0443\u0432\u043e\u0440\u043e\u0432\u0430"},"serverId":"335","state":4,"countRents":0},{"tarif":{"sumDay":600,"sumPerHour":0,"sumTsDay":0},"idGroup":1,"idParent":10,"model":"Rossignol  Xtour \u0447\u0435\u0440","numberFrame":"44","points":{"address":"c\u0443\u0432\u043e\u0440\u043e\u0432\u0430 52\u0430","serverId":"1","title":"\u0441\u0443\u0432\u043e\u0440\u043e\u0432\u0430"},"serverId":"336","state":4,"countRents":0},{"tarif":{"sumDay":100,"sumPerHour":0,"sumTsDay":0},"idGroup":1,"idParent":10,"model":"Rossignol  Xtour \u0441\u0432\u0435","numberFrame":"38","points":{"address":"c\u0443\u0432\u043e\u0440\u043e\u0432\u0430 52\u0430","serverId":"1","title":"\u0441\u0443\u0432\u043e\u0440\u043e\u0432\u0430"},"serverId":"337","state":4,"countRents":0},{"tarif":{"sumDay":350,"sumPerHour":0,"sumTsDay":0},"idGroup":1,"idParent":10,"model":"Rossignol  Xtour \u0441\u0432\u0435","numberFrame":"38","points":{"address":"c\u0443\u0432\u043e\u0440\u043e\u0432\u0430 52\u0430","serverId":"1","title":"\u0441\u0443\u0432\u043e\u0440\u043e\u0432\u0430"},"serverId":"338","state":4,"countRents":0},{"tarif":{"name":"Gopro 3+","sumDay":0,"sumPerHour":0,"sumTsDay":0},"idGroup":1,"idParent":11,"model":"Leki vasa 145","numberFrame":"145","points":{"address":"c\u0443\u0432\u043e\u0440\u043e\u0432\u0430 52\u0430","serverId":"1","title":"\u0441\u0443\u0432\u043e\u0440\u043e\u0432\u0430"},"serverId":"339","state":4,"countRents":0},{"tarif":{"name":"","sumDay":0,"sumPerHour":0,"sumTsDay":0},"idGroup":1,"idParent":11,"model":"One way diamant 155","numberFrame":"155","points":{"address":"c\u0443\u0432\u043e\u0440\u043e\u0432\u0430 52\u0430","serverId":"1","title":"\u0441\u0443\u0432\u043e\u0440\u043e\u0432\u0430"},"serverId":"340","state":4,"countRents":0},{"tarif":{"sumDay":1000,"sumPerHour":0,"sumTsDay":0},"idGroup":1,"idParent":11,"model":"Flash aluminium 150","numberFrame":"150","points":{"address":"c\u0443\u0432\u043e\u0440\u043e\u0432\u0430 52\u0430","serverId":"1","title":"\u0441\u0443\u0432\u043e\u0440\u043e\u0432\u0430"},"serverId":"341","state":4,"countRents":0},{"tarif":{"name":"","sumDay":0,"sumPerHour":0,"sumTsDay":0},"idGroup":1,"idParent":12,"model":"go pro 2","points":{"address":"c\u0443\u0432\u043e\u0440\u043e\u0432\u0430 52\u0430","serverId":"1","title":"\u0441\u0443\u0432\u043e\u0440\u043e\u0432\u0430"},"serverId":"342","state":4,"countRents":0},{"tarif":{"sumDay":150,"sumPerHour":0,"sumTsDay":0},"idGroup":1,"idParent":12,"model":"go pro 3","points":{"address":"c\u0443\u0432\u043e\u0440\u043e\u0432\u0430 52\u0430","serverId":"1","title":"\u0441\u0443\u0432\u043e\u0440\u043e\u0432\u0430"},"serverId":"343","state":4,"countRents":0},{"tarif":{"sumDay":800,"sumPerHour":0,"sumTsDay":0},"idGroup":1,"idParent":12,"model":"\u043a\u0440\u0435\u043f\u043b\u0435\u043d\u0438\u044f","number":"4","points":{"address":"c\u0443\u0432\u043e\u0440\u043e\u0432\u0430 52\u0430","serverId":"1","title":"\u0441\u0443\u0432\u043e\u0440\u043e\u0432\u0430"},"serverId":"344","state":4,"countRents":0},{"tarif":{"sumDay":600,"sumPerHour":0,"sumTsDay":0},"idGroup":1,"idParent":13,"model":"\u0441\u043f\u0430\u043b\u044c\u043d\u044b\u0439 \u043c\u0435\u0448\u043e\u043a","points":{"address":"c\u0443\u0432\u043e\u0440\u043e\u0432\u0430 52\u0430","serverId":"1","title":"\u0441\u0443\u0432\u043e\u0440\u043e\u0432\u0430"},"serverId":"347","state":4,"countRents":0},{"tarif":{"sumDay":1000,"sumPerHour":0,"sumTsDay":0},"idGroup":1,"idParent":13,"model":"\u0441\u043f\u0430\u043b\u044c\u043d\u044b\u0439 \u043c\u0435\u0448\u043e\u043a","points":{"address":"c\u0443\u0432\u043e\u0440\u043e\u0432\u0430 52\u0430","serverId":"1","title":"\u0441\u0443\u0432\u043e\u0440\u043e\u0432\u0430"},"serverId":"348","state":4,"countRents":0},{"tarif":{"sumDay":1000,"sumPerHour":0,"sumTsDay":0},"idGroup":1,"idParent":13,"model":" \u0441\u043f\u0430\u043b\u044c\u043d\u044b\u0439 \u043c\u0435\u0448\u043e\u043a","points":{"address":"c\u0443\u0432\u043e\u0440\u043e\u0432\u0430 52\u0430","serverId":"1","title":"\u0441\u0443\u0432\u043e\u0440\u043e\u0432\u0430"},"serverId":"349","state":4,"countRents":0},{"tarif":{"name":"","sumDay":0,"sumPerHour":0,"sumTsDay":0},"idGroup":1,"idParent":13,"model":"\u0441\u043f\u0430\u043b\u044c\u043d\u044b\u0439 \u043c\u0435\u0448\u043e\u043a","points":{"address":"c\u0443\u0432\u043e\u0440\u043e\u0432\u0430 52\u0430","serverId":"1","title":"\u0441\u0443\u0432\u043e\u0440\u043e\u0432\u0430"},"serverId":"350","state":4,"countRents":0},{"tarif":{"sumDay":100,"sumPerHour":0,"sumTsDay":0},"idGroup":1,"idParent":13,"model":"\u0441\u043f\u0430\u043b\u044c\u043d\u044b\u0439 \u043c\u0435\u0448\u043e\u043a","points":{"address":"c\u0443\u0432\u043e\u0440\u043e\u0432\u0430 52\u0430","serverId":"1","title":"\u0441\u0443\u0432\u043e\u0440\u043e\u0432\u0430"},"serverId":"351","state":4,"countRents":0},{"tarif":{"name":"","sumDay":0,"sumPerHour":0,"sumTsDay":0},"idGroup":1,"idParent":15,"model":"\u0431\u0435\u043b\u044b\u0439 \u0432\u0437\u0440\u043e\u0441\u043b\u044b\u0439 oxell","number":"806","points":{"address":"c\u0443\u0432\u043e\u0440\u043e\u0432\u0430 52\u0430","serverId":"1","title":"\u0441\u0443\u0432\u043e\u0440\u043e\u0432\u0430"},"serverId":"352","state":4,"countRents":0},{"tarif":{"sumDay":600,"sumPerHour":0,"sumTsDay":0},"idGroup":1,"idParent":15,"model":"\u0433\u043e\u043b\u0443\u0431\u043e\u0439 \u0434\u0435\u0442\u0441\u043a\u0438\u0439","points":{"address":"c\u0443\u0432\u043e\u0440\u043e\u0432\u0430 52\u0430","serverId":"1","title":"\u0441\u0443\u0432\u043e\u0440\u043e\u0432\u0430"},"serverId":"353","state":4,"countRents":0},{"tarif":{"name":"","sumDay":0,"sumPerHour":0,"sumTsDay":0},"idGroup":1,"idParent":15,"model":"\u043a\u0440\u0430\u0441\u043d\u044b\u0439 \u0441 \u0433\u043e\u043b\u0443\u0431\u044b\u043c \u0434\u0435","points":{"address":"c\u0443\u0432\u043e\u0440\u043e\u0432\u0430 52\u0430","serverId":"1","title":"\u0441\u0443\u0432\u043e\u0440\u043e\u0432\u0430"},"serverId":"354","state":4,"countRents":0},{"tarif":{"sumDay":600,"sumPerHour":0,"sumTsDay":0},"idGroup":1,"idParent":16,"model":"\u041a\u0440\u0435\u0441\u043b\u043e \u0434\u0435\u0442\u0441\u043a\u043e\u0435","number":"704","points":{"address":"c\u0443\u0432\u043e\u0440\u043e\u0432\u0430 52\u0430","serverId":"1","title":"\u0441\u0443\u0432\u043e\u0440\u043e\u0432\u0430"},"serverId":"357","state":4,"countRents":0},{"tarif":{"name":"","sumDay":0,"sumPerHour":0,"sumTsDay":0},"idGroup":1,"idParent":17,"model":"\u0437\u0430\u043c\u043e\u043a \u0441 \u0446\u0435\u043f\u044c\u044e \u0440\u0435\u0446\u0430\u0439\u043a","number":"900","points":{"address":"c\u0443\u0432\u043e\u0440\u043e\u0432\u0430 52\u0430","serverId":"1","title":"\u0441\u0443\u0432\u043e\u0440\u043e\u0432\u0430"},"serverId":"358","state":4,"countRents":0},{"tarif":{"name":"","sumDay":0,"sumPerHour":0,"sumTsDay":0},"idGroup":1,"idParent":17,"model":"\u0437\u0430\u043c\u043e\u043a \u0441 \u0446\u0435\u043f\u044c\u044e \u0440\u0435\u0446\u0430\u0439\u043a","number":"901","points":{"address":"c\u0443\u0432\u043e\u0440\u043e\u0432\u0430 52\u0430","serverId":"1","title":"\u0441\u0443\u0432\u043e\u0440\u043e\u0432\u0430"},"serverId":"359","state":4,"countRents":0},{"tarif":{"name":"","sumDay":0,"sumPerHour":0,"sumTsDay":0},"idGroup":1,"idParent":17,"model":"\u0437\u0430\u043c\u043e\u043a \u0441 \u0446\u0435\u043f\u044c\u044e \u0440\u0435\u0446\u0430\u0439\u043a","number":"902","points":{"address":"c\u0443\u0432\u043e\u0440\u043e\u0432\u0430 52\u0430","serverId":"1","title":"\u0441\u0443\u0432\u043e\u0440\u043e\u0432\u0430"},"serverId":"360","state":4,"countRents":0},{"tarif":{"sumDay":350,"sumPerHour":0,"sumTsDay":0},"idGroup":1,"idParent":17,"model":"\u0437\u0430\u043c\u043e\u043a \u0441 \u0446\u0435\u043f\u044c\u044e \u0440\u0435\u0446\u0430\u0439\u043a","number":"903","points":{"address":"c\u0443\u0432\u043e\u0440\u043e\u0432\u0430 52\u0430","serverId":"1","title":"\u0441\u0443\u0432\u043e\u0440\u043e\u0432\u0430"},"serverId":"361","state":4,"countRents":0},{"tarif":{"sumDay":1000,"sumPerHour":0,"sumTsDay":0},"idGroup":1,"idParent":17,"model":"\u0437\u0430\u043c\u043e\u043a \u0441 \u0446\u0435\u043f\u044c\u044e \u0440\u0435\u0446\u0430\u0439\u043a","number":"904","points":{"address":"c\u0443\u0432\u043e\u0440\u043e\u0432\u0430 52\u0430","serverId":"1","title":"\u0441\u0443\u0432\u043e\u0440\u043e\u0432\u0430"},"serverId":"362","state":4,"countRents":0},{"tarif":{"sumDay":600,"sumPerHour":0,"sumTsDay":0},"idGroup":1,"idParent":17,"model":"\u0437\u0430\u043c\u043e\u043a  \u0431\u0440\u0438\u0433","number":"905","points":{"address":"c\u0443\u0432\u043e\u0440\u043e\u0432\u0430 52\u0430","serverId":"1","title":"\u0441\u0443\u0432\u043e\u0440\u043e\u0432\u0430"},"serverId":"363","state":4,"countRents":0},{"tarif":{"name":"Gopro 3+","sumDay":0,"sumPerHour":0,"sumTsDay":0},"idGroup":1,"idParent":17,"model":"\u0437\u0430\u043c\u043e\u043a \u0442\u0440\u043e\u0441","number":"906","points":{"address":"c\u0443\u0432\u043e\u0440\u043e\u0432\u0430 52\u0430","serverId":"1","title":"\u0441\u0443\u0432\u043e\u0440\u043e\u0432\u0430"},"serverId":"364","state":4,"countRents":0},{"tarif":{"sumDay":0,"sumPerHour":0,"sumTsDay":0},"idGroup":1,"idParent":17,"model":"\u0437\u0430\u043c\u043e\u043a \u043c\u0430\u043b\u0435\u043d\u044c\u043a\u0438\u0439","number":"907","points":{"address":"c\u0443\u0432\u043e\u0440\u043e\u0432\u0430 52\u0430","serverId":"1","title":"\u0441\u0443\u0432\u043e\u0440\u043e\u0432\u0430"},"serverId":"365","state":4,"countRents":0},{"tarif":{"sumDay":0,"sumPerHour":0,"sumTsDay":0},"idGroup":1,"idParent":17,"model":"\u0437\u0430\u043c\u043e\u043a \u0442\u0440\u043e\u0441\u0438\u043a \u0442\u043e\u043d\u043a\u0438\u0439","number":"908","points":{"address":"c\u0443\u0432\u043e\u0440\u043e\u0432\u0430 52\u0430","serverId":"1","title":"\u0441\u0443\u0432\u043e\u0440\u043e\u0432\u0430"},"serverId":"366","state":4,"countRents":0},{"tarif":{"name":"","sumDay":0,"sumPerHour":0,"sumTsDay":0},"idGroup":1,"idParent":18,"model":"\u0444\u043e\u043d\u0430\u0440\u0438\u043a BTWIN","number":"1608","points":{"address":"c\u0443\u0432\u043e\u0440\u043e\u0432\u0430 52\u0430","serverId":"1","title":"\u0441\u0443\u0432\u043e\u0440\u043e\u0432\u0430"},"serverId":"374","state":4,"countRents":0},{"tarif":{"sumDay":350,"sumPerHour":0,"sumTsDay":0},"idGroup":1,"idParent":18,"model":"\u0444\u043e\u043d\u0430\u0440\u0438\u043a BTWIN","number":"1609","points":{"address":"c\u0443\u0432\u043e\u0440\u043e\u0432\u0430 52\u0430","serverId":"1","title":"\u0441\u0443\u0432\u043e\u0440\u043e\u0432\u0430"},"serverId":"375","state":4,"countRents":0},{"tarif":{"sumDay":350,"sumPerHour":0,"sumTsDay":0},"idGroup":1,"idParent":18,"model":"\u0444\u043e\u043d\u0430\u0440\u0438\u043a BTWIN","number":"1610","points":{"address":"c\u0443\u0432\u043e\u0440\u043e\u0432\u0430 52\u0430","serverId":"1","title":"\u0441\u0443\u0432\u043e\u0440\u043e\u0432\u0430"},"serverId":"376","state":4,"countRents":0},{"tarif":{"sumDay":700,"sumPerHour":0,"sumTsDay":0},"idGroup":1,"idParent":18,"model":"\u0444\u043e\u043d\u0430\u0440\u0438\u043a BTWIN","number":"1611","points":{"address":"c\u0443\u0432\u043e\u0440\u043e\u0432\u0430 52\u0430","serverId":"1","title":"\u0441\u0443\u0432\u043e\u0440\u043e\u0432\u0430"},"serverId":"377","state":4,"countRents":0},{"tarif":{"sumDay":350,"sumPerHour":0,"sumTsDay":0},"idGroup":1,"idParent":18,"model":"\u0444\u043e\u043d\u0430\u0440\u0438\u043a BTWIN","number":"1612","points":{"address":"c\u0443\u0432\u043e\u0440\u043e\u0432\u0430 52\u0430","serverId":"1","title":"\u0441\u0443\u0432\u043e\u0440\u043e\u0432\u0430"},"serverId":"378","state":4,"countRents":0},{"tarif":{"name":"","sumDay":0,"sumPerHour":0,"sumTsDay":0},"idGroup":1,"idParent":18,"model":"\u0444\u043e\u043d\u0430\u0440\u0438\u043a BTWIN","number":"1613","points":{"address":"c\u0443\u0432\u043e\u0440\u043e\u0432\u0430 52\u0430","serverId":"1","title":"\u0441\u0443\u0432\u043e\u0440\u043e\u0432\u0430"},"serverId":"379","state":4,"countRents":0},{"tarif":{"sumDay":800,"sumPerHour":0,"sumTsDay":0},"idGroup":1,"idParent":18,"model":"\u0444\u043e\u043d\u0430\u0440\u0438\u043a BTWIN","number":"1614","points":{"address":"c\u0443\u0432\u043e\u0440\u043e\u0432\u0430 52\u0430","serverId":"1","title":"\u0441\u0443\u0432\u043e\u0440\u043e\u0432\u0430"},"serverId":"380","state":4,"countRents":0},{"tarif":{"sumDay":350,"sumPerHour":0,"sumTsDay":0},"idGroup":1,"idParent":18,"model":"\u0444\u043e\u043d\u0430\u0440\u0438\u043a BTWIN","number":"1615","points":{"address":"c\u0443\u0432\u043e\u0440\u043e\u0432\u0430 52\u0430","serverId":"1","title":"\u0441\u0443\u0432\u043e\u0440\u043e\u0432\u0430"},"serverId":"381","state":4,"countRents":0},{"tarif":{"name":"","sumDay":0,"sumPerHour":0,"sumTsDay":0},"idGroup":1,"idParent":18,"model":"\u0444\u043e\u043d\u0430\u0440\u0438\u043a BTWIN","number":"1616","points":{"address":"c\u0443\u0432\u043e\u0440\u043e\u0432\u0430 52\u0430","serverId":"1","title":"\u0441\u0443\u0432\u043e\u0440\u043e\u0432\u0430"},"serverId":"382","state":4,"countRents":0},{"tarif":{"sumDay":700,"sumPerHour":0,"sumTsDay":0},"idGroup":1,"idParent":18,"model":"\u0444\u043e\u043d\u0430\u0440\u0438\u043a BTWIN","number":"1617","points":{"address":"c\u0443\u0432\u043e\u0440\u043e\u0432\u0430 52\u0430","serverId":"1","title":"\u0441\u0443\u0432\u043e\u0440\u043e\u0432\u0430"},"serverId":"383","state":4,"countRents":0},{"tarif":{"name":"","sumDay":0,"sumPerHour":0,"sumTsDay":0},"idGroup":1,"idParent":18,"model":"\u0444\u043e\u043d\u0430\u0440\u0438\u043a BTWIN","number":"1618","points":{"address":"c\u0443\u0432\u043e\u0440\u043e\u0432\u0430 52\u0430","serverId":"1","title":"\u0441\u0443\u0432\u043e\u0440\u043e\u0432\u0430"},"serverId":"384","state":4,"countRents":0},{"tarif":{"name":"","sumDay":0,"sumPerHour":0,"sumTsDay":0},"idGroup":1,"idParent":18,"model":"\u0444\u043e\u043d\u0430\u0440\u0438\u043a BTWIN","number":"1619","points":{"address":"c\u0443\u0432\u043e\u0440\u043e\u0432\u0430 52\u0430","serverId":"1","title":"\u0441\u0443\u0432\u043e\u0440\u043e\u0432\u0430"},"serverId":"385","state":4,"countRents":0},{"tarif":{"sumDay":500,"sumPerHour":0,"sumTsDay":0},"idGroup":1,"idParent":18,"model":"\u0444\u043e\u043d\u0430\u0440\u0438\u043a BTWIN","number":"1620","points":{"address":"c\u0443\u0432\u043e\u0440\u043e\u0432\u0430 52\u0430","serverId":"1","title":"\u0441\u0443\u0432\u043e\u0440\u043e\u0432\u0430"},"serverId":"386","state":4,"countRents":0},{"tarif":{"name":"","sumDay":0,"sumPerHour":0,"sumTsDay":0},"idGroup":1,"idParent":18,"model":"\u0444\u043e\u043d\u0430\u0440\u0438\u043a BTWIN","number":"1621","points":{"address":"c\u0443\u0432\u043e\u0440\u043e\u0432\u0430 52\u0430","serverId":"1","title":"\u0441\u0443\u0432\u043e\u0440\u043e\u0432\u0430"},"serverId":"387","state":4,"countRents":0},{"tarif":{"sumDay":600,"sumPerHour":0,"sumTsDay":0},"idGroup":1,"idParent":19,"model":"\u041f\u044b\u043b\u0435\u0441\u043e\u0441 \u043a\u0435\u0440\u0445\u0435\u0440 WD 3.","number":"5000","numberFrame":"","points":{"address":"c\u0443\u0432\u043e\u0440\u043e\u0432\u0430 52\u0430","serverId":"1","title":"\u0441\u0443\u0432\u043e\u0440\u043e\u0432\u0430"},"serverId":"388","state":4,"countRents":0},{"tarif":{"name":"Gopro 3+","sumDay":0,"sumPerHour":0,"sumTsDay":0},"idGroup":1,"idParent":19,"model":"\u0422\u0440\u0443\u0431\u043a\u0430 \u043e\u0442 \u043f\u044b\u043b\u0435\u0441\u043e\u0441\u0430 \u041a","number":"5001","numberFrame":"","points":{"address":"c\u0443\u0432\u043e\u0440\u043e\u0432\u0430 52\u0430","serverId":"1","title":"\u0441\u0443\u0432\u043e\u0440\u043e\u0432\u0430"},"serverId":"389","state":4,"countRents":0},{"tarif":{"sumDay":0,"sumPerHour":0,"sumTsDay":0},"idGroup":1,"idParent":19,"model":"\u0422\u0440\u0443\u0431\u043a\u0430 \u043e\u0442 \u043f\u044b\u043b\u0435\u0441\u043e\u0441\u0430 \u041a","number":"5002","numberFrame":"","points":{"address":"c\u0443\u0432\u043e\u0440\u043e\u0432\u0430 52\u0430","serverId":"1","title":"\u0441\u0443\u0432\u043e\u0440\u043e\u0432\u0430"},"serverId":"390","state":4,"countRents":0},{"tarif":{"sumDay":600,"sumPerHour":0,"sumTsDay":0},"idGroup":1,"idParent":19,"model":"\u0428\u043b\u0430\u043d\u0433 \u043e\u0442 \u043f\u044b\u043b\u0435\u0441\u043e\u0441\u0430 \u041a\u0435","number":"5003","numberFrame":"","points":{"address":"c\u0443\u0432\u043e\u0440\u043e\u0432\u0430 52\u0430","serverId":"1","title":"\u0441\u0443\u0432\u043e\u0440\u043e\u0432\u0430"},"serverId":"391","state":4,"countRents":0},{"tarif":{"sumDay":800,"sumPerHour":0,"sumTsDay":0},"idGroup":1,"idParent":19,"model":"\u0429\u0435\u0442\u043a\u0430 \u043e\u0442 \u043f\u044b\u043b\u0435\u0441\u043e\u0441\u0430 \u041a\u0435","number":"5004","numberFrame":"","points":{"address":"c\u0443\u0432\u043e\u0440\u043e\u0432\u0430 52\u0430","serverId":"1","title":"\u0441\u0443\u0432\u043e\u0440\u043e\u0432\u0430"},"serverId":"392","state":4,"countRents":0},{"tarif":{"sumDay":300,"sumPerHour":0,"sumTsDay":0},"idGroup":1,"idParent":19,"model":"\u041c\u043e\u0439\u043a\u0430 \u041a\u0435\u0440\u0445\u0435\u0440 \u041a 2.15","number":"5005","numberFrame":"","points":{"address":"c\u0443\u0432\u043e\u0440\u043e\u0432\u0430 52\u0430","serverId":"1","title":"\u0441\u0443\u0432\u043e\u0440\u043e\u0432\u0430"},"serverId":"393","state":4,"countRents":0},{"tarif":{"sumDay":350,"sumPerHour":0,"sumTsDay":0},"idGroup":1,"idParent":19,"model":"\u041f\u0438\u0441\u0442\u043e\u043b\u0435\u0442 \u043e\u0442 \u043c\u043e\u0439\u043a\u0438 \u041a\u0435","number":"5006","numberFrame":"","points":{"address":"c\u0443\u0432\u043e\u0440\u043e\u0432\u0430 52\u0430","serverId":"1","title":"\u0441\u0443\u0432\u043e\u0440\u043e\u0432\u0430"},"serverId":"394","state":4,"countRents":0},{"tarif":{"sumDay":800,"sumPerHour":0,"sumTsDay":0},"idGroup":1,"idParent":19,"model":"\u041d\u0430\u0441\u0430\u0434\u043a\u0430 \u0434\u043b\u044f \u043f\u0438\u0441\u0442\u043e\u043b\u0435\u0442","number":"5007","numberFrame":"","points":{"address":"c\u0443\u0432\u043e\u0440\u043e\u0432\u0430 52\u0430","serverId":"1","title":"\u0441\u0443\u0432\u043e\u0440\u043e\u0432\u0430"},"serverId":"395","state":4,"countRents":0},{"tarif":{"name":"","sumDay":0,"sumPerHour":0,"sumTsDay":0},"idGroup":1,"idParent":19,"model":"\u041d\u0430\u0441\u0430\u0434\u043a\u0430 \u0434\u043b\u044f \u043f\u0438\u0441\u0442\u043e\u043b\u0435\u0442","number":"5008","numberFrame":"","points":{"address":"c\u0443\u0432\u043e\u0440\u043e\u0432\u0430 52\u0430","serverId":"1","title":"\u0441\u0443\u0432\u043e\u0440\u043e\u0432\u0430"},"serverId":"396","state":4,"countRents":0},{"tarif":{"sumDay":100,"sumPerHour":0,"sumTsDay":0},"idGroup":1,"idParent":19,"model":"\u0428\u043b\u0430\u043d\u0433 \u043e\u0442 \u043c\u043e\u0439\u043a\u0438 \u041a\u0435\u0440\u0445\u0435","number":"5009","numberFrame":"","points":{"address":"c\u0443\u0432\u043e\u0440\u043e\u0432\u0430 52\u0430","serverId":"1","title":"\u0441\u0443\u0432\u043e\u0440\u043e\u0432\u0430"},"serverId":"397","state":4,"countRents":0},{"tarif":{"sumDay":0,"sumPerHour":0,"sumTsDay":0},"idGroup":1,"idParent":20,"model":"\u0412\u0435\u043b\u043e\u0441\u0438\u043f\u0435\u0434 \u0434\u0435\u0442\u0441\u043a\u0438\u0439 \u0446\u044b","number":"155","numberFrame":"","points":{"address":"c\u0443\u0432\u043e\u0440\u043e\u0432\u0430 52\u0430","serverId":"1","title":"\u0441\u0443\u0432\u043e\u0440\u043e\u0432\u0430"},"serverId":"398","state":4,"countRents":0},{"tarif":{"sumDay":300,"sumPerHour":0,"sumTsDay":0},"idGroup":1,"idParent":20,"model":"Scott YZ3","number":"78","numberFrame":"ty 4134089","points":{"address":"c\u0443\u0432\u043e\u0440\u043e\u0432\u0430 52\u0430","serverId":"1","title":"\u0441\u0443\u0432\u043e\u0440\u043e\u0432\u0430"},"serverId":"399","state":4,"countRents":0},{"tarif":{"sumDay":350,"sumPerHour":0,"sumTsDay":0},"idGroup":1,"idParent":21,"model":"\u043f\u0430\u043b\u0430\u0442\u043a\u0430","points":{"address":"c\u0443\u0432\u043e\u0440\u043e\u0432\u0430 52\u0430","serverId":"1","title":"\u0441\u0443\u0432\u043e\u0440\u043e\u0432\u0430"},"serverId":"400","state":4,"countRents":0},{"tarif":{"sumDay":350,"sumPerHour":0,"sumTsDay":0},"idGroup":1,"idParent":21,"model":"\u043f\u0430\u043b\u0430\u0442\u043a\u0430","points":{"address":"c\u0443\u0432\u043e\u0440\u043e\u0432\u0430 52\u0430","serverId":"1","title":"\u0441\u0443\u0432\u043e\u0440\u043e\u0432\u0430"},"serverId":"404","state":4,"countRents":0},{"tarif":{"sumDay":0,"sumPerHour":0,"sumTsDay":0},"idGroup":1,"idParent":21,"model":"\u0444\u043e\u043d\u0430\u0440\u0438\u043a WhiteLED 5","number":"1601","points":{"address":"c\u0443\u0432\u043e\u0440\u043e\u0432\u0430 52\u0430","serverId":"1","title":"\u0441\u0443\u0432\u043e\u0440\u043e\u0432\u0430"},"serverId":"406","state":4,"countRents":0},{"tarif":{"sumDay":350,"sumPerHour":0,"sumTsDay":0},"idGroup":1,"idParent":21,"model":"\u0444\u043e\u043d\u0430\u0440\u0438\u043a WhiteLED 5","number":"1602","points":{"address":"c\u0443\u0432\u043e\u0440\u043e\u0432\u0430 52\u0430","serverId":"1","title":"\u0441\u0443\u0432\u043e\u0440\u043e\u0432\u0430"},"serverId":"407","state":4,"countRents":0},{"tarif":{"sumDay":350,"sumPerHour":0,"sumTsDay":0},"idGroup":1,"idParent":21,"model":"\u0444\u043e\u043d\u0430\u0440\u0438\u043a WhiteLED 5","number":"1603","points":{"address":"c\u0443\u0432\u043e\u0440\u043e\u0432\u0430 52\u0430","serverId":"1","title":"\u0441\u0443\u0432\u043e\u0440\u043e\u0432\u0430"},"serverId":"408","state":4,"countRents":0},{"tarif":{"sumDay":150,"sumPerHour":0,"sumTsDay":0},"idGroup":1,"idParent":21,"model":"\u0444\u043e\u043d\u0430\u0440\u0438\u043a WhiteLED 5","number":"1604","points":{"address":"c\u0443\u0432\u043e\u0440\u043e\u0432\u0430 52\u0430","serverId":"1","title":"\u0441\u0443\u0432\u043e\u0440\u043e\u0432\u0430"},"serverId":"409","state":4,"countRents":0},{"tarif":{"name":"","sumDay":0,"sumPerHour":0,"sumTsDay":0},"idGroup":1,"idParent":21,"model":"\u0444\u043e\u043d\u0430\u0440\u0438\u043a WhiteLED 5","number":"1605","points":{"address":"c\u0443\u0432\u043e\u0440\u043e\u0432\u0430 52\u0430","serverId":"1","title":"\u0441\u0443\u0432\u043e\u0440\u043e\u0432\u0430"},"serverId":"410","state":4,"countRents":0},{"tarif":{"sumDay":350,"sumPerHour":0,"sumTsDay":0},"idGroup":1,"idParent":21,"model":"\u0444\u043e\u043d\u0430\u0440\u0438\u043a WhiteLED 5","number":"1606","points":{"address":"c\u0443\u0432\u043e\u0440\u043e\u0432\u0430 52\u0430","serverId":"1","title":"\u0441\u0443\u0432\u043e\u0440\u043e\u0432\u0430"},"serverId":"411","state":4,"countRents":0},{"tarif":{"name":"","sumDay":0,"sumPerHour":0,"sumTsDay":0},"idGroup":1,"idParent":21,"model":"\u0444\u043e\u043d\u0430\u0440\u0438\u043a WhiteLED 5","number":"1607","points":{"address":"c\u0443\u0432\u043e\u0440\u043e\u0432\u0430 52\u0430","serverId":"1","title":"\u0441\u0443\u0432\u043e\u0440\u043e\u0432\u0430"},"serverId":"412","state":4,"countRents":0}]}]